question_id,question,gold_label,prediction,is_correct,faithfulness_score,retrieved_context,model_output
0,Does skin care frequency affect the severity of incontinence-associated dermatitis in critically ill patients?,yes,maybe,False,,"Incontinence-associated dermatitis (IAD) is a potentially serious skin injury that can lead to pressure ulcers (PUs). Multiple studies have indicated the need for evidence to find the most effective skin care protocol to reduce the incidence and severity of IAD in critically ill patients. | To compare the incidence and severity of IAD in two groups on a progressive care unit (PCU) using a defined skin care protocol: cleaning with a gentle cleanser and moisturizer, then applying a skin protectant/barrier. The control group received the skin care protocol every 12 hours and the interventional group received the protocol every 6 hours; both groups also received it as needed. | The dermatitis score in the intervention group on discharge was significantly less (7.1%; P ≤ 0.001) in the moderate IAD group than in the control group (10.9%). The dermatitis score means and P values of each group were compared using a paired t test.","Maybe

The provided abstracts do not explicitly state whether skin care frequency affects the severity of incontinence-associated dermatitis (IAD) in critically ill patients. Abstract 1 highlights the need for evidence-based protocols to reduce IAD, but does"
1,Do provider service networks result in lower expenditures compared with HMOs or primary care case management in Florida's Medicaid program?,yes,maybe,False,,"To determine the impact of Florida's Medicaid Demonstration 4 years post-implementation on per member per month (PMPM) Medicaid expenditures and whether receiving care through HMOs versus provider service networks (PSNs) in the Demonstration was associated with PMPM expenditures.DATA: Florida Medicaid claims from two fiscal years prior to implementation of the Demonstration (FY0405, FY0506) and the first four fiscal years after implementation (FY0607-FY0910) from two urban Demonstration counties and two urban non-Demonstration counties. | A difference-in-difference approach was used to compare changes in enrollee expenditures before and after implementation of the Demonstration overall and specifically for HMOs and PSNs. | Among SSI enrollees, the Demonstration resulted in lower increases in PMPM expenditures over time ($40) compared with the non-Demonstration counties ($186), with Demonstration PSNs lowering PMPM expenditures by $7 more than HMOs. Savings were also seen among TANF enrollees but to a lesser extent.","Maybe

The provided context does not explicitly mention ""primary care case management"" as an option for comparison. It only discusses HMOs and provider service networks (PSNs). The context does show that PSNs resulted in lower PMPM expenditures compared"
2,Production of chemokines by perivascular adipose tissue: a role in the pathogenesis of atherosclerosis?,yes,yes,True,,"Histological examination showed that perivascular WAT (pWAT) is in close proximity to vascular walls, particularly at sites that have a tendency to develop atherosclerosis. In rodents, the amount of pWAT is markedly increased by a high-fat diet. At a functional level, supernatant from subcutaneous and pWAT strongly induced the chemotaxis of peripheral blood leukocytes. The migration of granulocytes and monocytes was mostly mediated by interleukin-8 and monocyte chemoattractant protein-1, respectively, whereas both chemokines contributed to the migration of activated T cells. Moreover, pWAT produces these chemokines, as shown by immunohistochemistry and by explant culture. The accumulation of macrophages and T cells at the interface between pWAT and the adventitia of human atherosclerotic aortas may reflect this prochemotactic activity of pWAT. | The morbidity and mortality associated with Panton-Valentine leucocidin (PVL)-positive Staphylococcus aureus suggest that this toxin is a key marker of disease severity. Nevertheless, the importance of PVL in the pathogenesis of primary bacteraemia caused by S. aureus is uncertain. We have determined the prevalence of PVL-encoding genes among isolates of S. aureus from bacteraemic patients. | To evaluate the role of clinical assessment with selective use of imaging studies in the management of suspected acute appendicitis in children.","Yes

The context provides information that perivascular adipose tissue (pWAT) produces chemokines, which play a role in the migration of various immune cells. Specifically, it mentions that ""pWAT produces these chemokines,"
3,Ovarian torsion in children: is oophorectomy necessary?,no,maybe,False,,"Most pediatric surgeons perform oophorectomy in girls presenting with ovarian torsion in which the ovary appears necrotic. However, the adult gynecology literature suggests that many ovaries can be treated by detorsion alone. | There were 36 torsions in 34 children. Seventeen underwent detorsion with or without ovarian cystectomy, and 19 had oophorectomy (mean age 10 years in both groups). Torsion was suspected preoperatively in 94% of the detorsion cases and in 47% of the oophorectomy patients. Median time from presentation to surgery was significantly lower in the detorsion than the oophorectomy group (median 14 v 27 hours; P =.04). Postoperative complications and length of stay were similar between the 2 groups. Despite the ovary being judged intraoperatively as moderately to severely ischemic in 53% of the detorsion cases, follow-up sonogram or ovarian biopsy available in 14 of the 17 cases showed normal ovary with follicular development in each case. | All children with ovarian torsion on the gynecology and general surgery services between 1988 and 2002 were reviewed.","Maybe

The context provides conflicting information about whether oophorectomy is necessary for treating ovarian torsion in children. 

- Abstract 1 states that most pediatric surgeons perform oophorectomy when the ovary appears necrotic.
-"
4,Artefacts in 24-h pharyngeal and oesophageal pH monitoring: is simplification of pH data analysis feasible?,maybe,maybe,True,,"Ambulatory 24-h dual-channel pharyngeal and oesophageal pH monitoring is the standard test for measuring gastro-oesophageal and gastropharyngeal reflux. Artefacts caused by the intake of food may result in falsely positive gastropharyngeal reflux, which necessitates a manual review of 24-h pH data. The purpose of the study was to investigate the influence of meals and whether leaving out meals affected the reliability of the test. | Patients referred for otolaryngological complaints, suspected to have been caused by gastro-oesophageal reflux, underwent 24-h dual-channel pH monitoring. The raw unprocessed pH data were corrected by visual inspection of the 24-h tracings (corrected data), by leaving out meals or meals plus a 2-h postprandrial period. | pH measurement from microscopy slides after the addition of saline causes systematic increases of pH leading to false positive readings. This is true for all types of disturbance of the flora and infections studied, and was seen in the abnormal as well as in the normal or intermediate pH range.","Maybe

The provided abstracts do not definitively answer whether simplifying the pH data analysis is feasible. Abstract 1 discusses the necessity of manual review due to artefacts caused by meal intake, while Abstract 2 mentions that leaving out meals or including"
5,Does pretreatment with statins improve clinical outcome after stroke?,no,yes,False,,"In primary and secondary prevention trials, statins have been shown to reduce the risk of stroke. In addition to lipid lowering, statins have a number of antiatherothrombotic and neuroprotective properties. In a preliminary observational study, we explored whether clinical outcome is improved in patients who are on treatment with statins when stroke occurs. | We examined the association between RP year and outcome in 6,556 patients from 7 centers using preoperative and pathological features. Patients underwent surgery between 1985 and 2000. The variables analyzed were RP year, clinical stage, pretreatment prostate specific antigen, biopsy Gleason sum, RP Gleason sum, margin status, level of extracapsular extension, seminal vesicle status, lymph node status, neoadjuvant hormones and adjuvant therapy. Median followup was 23 months (maximum 166). Separate Cox multivariate regression analyses were performed to analyze preoperative and postoperative factors. | Recent studies have demonstrated that statins have pleiotropic effects, including anti-inflammatory effects and atrial fibrillation (AF) preventive effects. The objective of this study was to assess the efficacy of preoperative statin therapy in preventing AF after coronary artery bypass grafting (CABG).","yes

The context states that ""In a preliminary observational study, we explored whether clinical outcome is improved in patients who are on treatment with statins when stroke occurs."" This implies that there is evidence suggesting that pretreatment with statins may indeed improve clinical"
6,Chronic functional somatic symptoms: a single syndrome?,no,maybe,False,,"In the 10 years before the diagnosis of chronic functional somatic symptoms, significantly more patients than controls presented functional somatic symptoms in at least two body systems, and used more somatic and psychotropic drugs. They visited the GP twice as much, statistically had significantly more psychiatric morbidity, and were referred more often to mental health workers and somatic specialists. The number of patients undergoing diagnostic tests was higher for patients with chronic functional somatic symptoms than for controls, but hospital admissions rates were equal. | To identify distinctive features in patients with chronic functional somatic symptoms, and to determine whether these symptoms support the hypothesis of the existence of specific somatic syndromes. | Reliable longitudinal data of patients with functional somatic symptoms in general practice are lacking.","Maybe

Based on the provided context, it is not possible to definitively conclude that chronic functional somatic symptoms constitute a single syndrome. The context discusses various aspects related to chronic functional somatic symptoms, such as their prevalence, comorbidities,"
7,Does laparoscopic antireflux surgery improve quality of life in patients whose gastro-oesophageal reflux disease is well controlled with medical therapy?,yes,maybe,False,,"Both medical therapy and laparoscopic antireflux surgery have been shown to improve quality of life in gastro-oesophageal reflux disease. Although patients with poor symptom control or side effects on medical therapy might be expected to have improved quality of life after surgery, our aim was to determine, for the first time, whether patients whose symptoms are well controlled on medical therapy but who decide to undergo surgery (patient preference) would experience improved quality of life. | The benefits of serologic screening for coeliac disease in asymptomatic individuals are debatable.AIM: To investigate dietary compliance, quality of life and bone mineral density after long-term treatment in coeliac disease patients found by screening in risk groups. | Retrospective analysis of our patient database (1998-2003, n=313) identified 60 patients who underwent laparoscopic antireflux surgery for the indication of patient preference. Two generic quality-of-life questionnaires (Short Form 36 and Psychological General Well-Being index) and a gastrointestinal symptom questionnaire (Gastrointestinal Symptom Rating Scale) were completed preoperatively, while on medical therapy, and 6 months after surgery.","Maybe

The provided context does not explicitly state that laparoscopic antireflux surgery improves quality of life specifically for patients whose gastro-oesophageal reflux disease (GERD) is well-controlled with medical therapy. It mentions that both medical therapy and"
8,Steroids in aminoglycoside-containing ear drops: do they reduce cochlear toxicity?,yes,maybe,False,,"Minority patients with cancer experience worse control of their pain than do their white counterparts. This disparity may, in part, reflect more miscommunication between minority patients and their physicians. Therefore, we examined whether patient coaching could reduce disparities in pain control in a secondary analysis of a randomized controlled trial. | The mean ages of the patients with pre-eclampsia and the control subjects were 29.6 ± 5.7 and 28.6 ± 5.3 years, respectively. The baseline demographic characteristics, including age, gravidity, parity number, and gestational week, were similar between the two patient groups. Hearing thresholds in the right ear at 1, 4, 8, and 10 kHz and in the left ear at 8 and 10 kHz were significantly higher in the patients with pre-eclampsia compared to the control subjects. The degree of systolic blood pressure measured at the time of diagnosis had a deteriorating effect on hearing at 8, 10, and 12 kHz in the right ear and at 10 kHz in the left ear. | This retrospective study was carried out in the Ear Nose Throat (ENT) Unit of Giannina Gaslini Institute, Genoa, Italy on children operated for adenotonsillectomy (AT) or tonsillectomy (T) between January 2003 and February 2008. We considered in the study all the post-tonsillectomy late haemorrhages irrespective of their severity and for each case we evaluated whether they recurred in the day-time (B) (between 9.00 a.m. and 9.00 p.m.) or in the night-time (A) (between 9.00 p.m. and 9.00 a.m.). Finally we considered the number of haemorrhages per hour in the whole day.","Maybe

The provided abstracts do not contain any information about steroids in aminoglycoside-containing ear drops or their effects on cochlear toxicity. The given abstracts discuss different topics such as pain management in cancer patients, pre-eclamps"
9,Juvenile osteochondritis dissecans: is it a growth disturbance of the secondary physis of the epiphysis?,yes,yes,True,,"The primary physis is responsible for longitudinal bone growth. Similarly, epiphysial growth relies on endochondral ossification from the circumferential secondary physeal [corrected]. injury can result in disruption of normal ossification. The cause of juvenile osteochondritis dissecans (OCD) remains elusive. We hypothesized that juvenile OCD results from an insult affecting endochondral ossification from the secondary physis. The purpose of our study was to evaluate the MRI appearance of the distal femoral epiphysis-particularly the secondary physis-of children with juvenile OCD and to compare these findings with the MRI findings of unaffected children. | pH measurement from microscopy slides after the addition of saline causes systematic increases of pH leading to false positive readings. This is true for all types of disturbance of the flora and infections studied, and was seen in the abnormal as well as in the normal or intermediate pH range. | Controlled ovarian stimulation (COS) with intrauterine insemination (IUI) is a common treatment in couples with unexplained non-conception. Induction of multifollicular growth is considered to improve pregnancy outcome, but it contains an increased risk of multiple pregnancies and ovarian hyperstimulation syndrome. In this study the impact of the number of follicles (>14 mm) on the ongoing pregnancy rate (PR) and multiple PR was evaluated in the first four treatment cycles.","Yes

The context states that ""juvenile OCD results from an insult affecting endochondral ossification from the secondary physis."" Endochondral ossification is a process that occurs in the secondary physis during bone growth. Therefore, juvenile osteochond"
10,Cold knife conization vs. LEEP. Are they the same procedure?,no,no,True,,"Mean diameter of cold knife cone specimens was 2.6 vs. 2.2 cm for LEEP (P = .07). Mean length of cold knife cone specimens was 1.5 vs. 1.0 cm for LEEP (P = .001). Mean weight for cold knife cone specimens was 4.4 vs. 2.0 g for LEEP (P = .001). | Forty consecutive LEEP or cold knife conization specimens were prospectively measured and weighed by a single pathology technician. Diameter, length and weight of the specimens were compared using Student's t test. | To prospectively evaluate the amount of tissue removed at loop electrosurgical excision procedure (LEEP) vs. cold knife conization.","No

The provided abstracts suggest that cold knife conization (CKC) and loop electrosurgical excision procedure (LEEP) are different procedures. The first abstract mentions both CKC and LEEP separately, comparing their mean diameters, lengths"
11,Does surgery or radiation therapy impact survival for patients with extrapulmonary small cell cancers?,yes,maybe,False,,"Extrapulmonary small cell carcinomas (EPSCC) are rare tumors where therapy remains poorly defined. We sought to determine the impact of surgical extirpation and radiation therapy for outcomes of EPSCC. | We identified 94,173 patients with small cell carcinoma of which 88,605 (94.1%) and 5,568 (5.9%) had pulmonary small cell carcinoma and EPSCC, respectively. EPSCC patients were subdivided by site with the following proportions: genitourinary (24.1%), gastrointestinal (22.1%), head and neck (7.1%), breast (4%), and miscellaneous (42.7%). Overall EPSSC and specifically gastrointestinal disease had significantly improved median, 5- and 10-year survival with surgery and/or radiation for all stages and sizes. For all EPSCCs multivariate analysis revealed age (>50), gender (female), stage (regional, distant), radiation, and surgery to be independent predictors of survival. | To determine whether there is a relationship between VEGF expression and renal vein and vena cava invasion in stage pT3 renal cell carcinoma and to evaluate the impact of VEGF expression on survival in pT3 renal cell carcinoma.","Maybe

The provided abstracts do not directly address the specific question about the impact of surgery and radiation therapy on survival for patients with extrapulmonary small cell cancers (EPSCC). Abstract 1 mentions that they sought to determine this impact but"
12,Global Longitudinal Pathway: has medical education curriculum influenced medical students' skills and attitudes toward culturally diverse populations?,yes,maybe,False,,"The purpose of this study was to investigate and differentiate the skills and attitudes of Pathway and non-Pathway students in working with culturally diverse populations by conducting quantitative and qualitative analyses. | The Pathway represents a longitudinal program for medical students, consisting of both domestic and international experiences with poor populations. A previous study reported no significant attitudinal changes toward the medically indigent between Pathway and non-Pathway students. | All Accreditation Council for Graduate Medical Education (ACGME) accredited surgical residency programs in New England (n = 20).","Maybe

The context provided does not directly address whether the Global Longitudinal Pathway (Pathway) has influenced medical students' skills and attitudes toward culturally diverse populations. The first abstract mentions a study investigating Pathway and non-Pathway students'"
13,Does a well developed collateral circulation predispose to restenosis after percutaneous coronary intervention?,no,no,True,,"To evaluate whether a well developed collateral circulation predisposes to restenosis after percutaneous coronary intervention (PCI). | Impaired fasting glucose (IFG) below the diagnostic threshold for diabetes mellitus (DM) is associated with macrovascular pathology and increased mortality after percutaneous coronary interventions. The study goal was to determine whether pre-operative fasting blood glucose (fB-glu) is associated with an increased mortality after coronary artery bypass grafting (CABG). | Patients with good collaterals had more severe coronary stenoses at baseline (90 (11)% v 75 (16)%, p<0.001). Restenosis rates were similar in poor and good collateral groups (35% v 43%, p = 0.76 for diameter restenosis, 27% v 45%, p = 0.34 for area restenosis, and 23% v 24%, p = 0.84 for volumetric restenosis). CFI was not correlated with diameter, area, or volumetric restenosis (r2<0.1 for each). By multivariate analysis, stent diameter, stent length,>10% residual stenosis, and smoking history were predictive of restenosis.","Based solely on the information given in Abstract 3, the answer is ""maybe."" Abstract 3 presents conflicting data regarding the relationship between collateral circulation development and restenosis. It states that patients with good collateral circulation had more severe coronary stenoses"
14,Updating emotional content in working memory: a depression-specific deficit?,yes,maybe,False,,"Compared to control and social anxiety groups, the depression groups (both pure and comorbid with social anxiety disorder) exhibited greater difficulties removing irrelevant emotional material from working memory (i.e., greater intrusion effects). Greater intrusion effects were also associated with increased rumination. | To examine the effects of irrelevant emotional material on working memory performance, participants memorized two lists of words on each trial and were subsequently instructed to ignore one of the lists. Participants were then asked to indicate whether a probe word belonged to the relevant list or not. | The present study asked whether the processing of affective prosody is modulated by spatial attention. Pseudo-words with a neutral, happy, threatening, and fearful prosody were presented at two spatial positions. Participants attended to one position in order to detect infrequent targets. Emotional prosody was task irrelevant. The electro-encephalogram (EEG) was recorded to assess processing differences as a function of spatial attention and emotional valence.","Maybe

The context mentions that depression groups (both pure and comorbid with social anxiety disorder) exhibit greater difficulties removing irrelevant emotional material from working memory, which suggests a potential deficit in updating emotional content in working memory for these groups. However, it"
15,Is there an increase in the incidence of gbs carrier rates among pregnant women in northern Israel?,yes,maybe,False,,"Group B Streptococci (GBS) asymptomatically colonize the vaginal or rectal areas of about 20% of pregnant women (4-40%). About 50% of infants to mothers with GBS colonization also become colonized at rectal, umbilical or oral sites. GBS is a leading bacterial cause of neonatal illness and death. The present prevalence rate of GBS carriers among parturients in the western Galilee in Israel is unknown.AIM: A prospective study of the GBS carrier rate according to origin and gestational age in the western Galilee in Israel. | Sixteen percent of the parturients were found to be GBS colonized. The prevalence of GBS was 13.7% in Jewish women and 19% in Arab women, P=0.038. The women were also divided into two groups according to the gestational age one group included 414 women in 24-37 weeks gestation, and the other group included 286 women in term pregnancy. No difference was found in the rate of GBS carriers between the two gestational age groups. | X-chromosome inactivation patterns were compared in 5 groups of women. Group 1 (recurrent spontaneous abortion) consisted of 357 women with 2 or more spontaneous losses. In group 2 (infertility), there were 349 subjects from infertility practices recruited at the time of a positive serum beta-human chorionic gonadotropin. Group 3 (spontaneous abortion) women (n = 81) were recruited at the time of an ultrasound diagnosis of an embryonic demise or an anembryonic gestation. Groups 4 (primiparous) and 5 (multiparous) were healthy pregnant subjects previously enrolled in another study to determine the incidence and cause of pregnancy complications, such as preeclampsia and intrauterine growth restriction. The Primiparous group included 114 women in their first pregnancy, whereas the Multiparous group consisted of 79 women with 2 or more pregnancies but without pregnancy loss.","Maybe

The provided abstracts do not directly address the specific incidence of Group B Streptococcus (GBS) carrier rates among pregnant women in northern Israel. The first abstract mentions that the prevalence rate of GBS carriers among parturients in"
16,School food policy at Dutch primary schools: room for improvement?,yes,maybe,False,,"Schools can play an important role in the prevention of obesity, e.g. by providing an environment that stimulates healthy eating habits and by developing a food policy to provide such an environment. The effectiveness of a school food policy is affected by the content of the policy, its implementation and its support by parents, teachers and principals. The aim of this study is to detect opportunities to improve the school food policy and/or implementation at Dutch primary schools. Therefore, this study explores the school food policy and investigates schools' (teachers and principals) and parents' opinion on the school food policy. | Data on the schools' perspective of the food policy was collected from principals and teachers by means of semi-structured interviews. In total 74 principals and 72 teachers from 83 Dutch primary schools were interviewed. Data on parental perceptions about the school food policy were based on a cross-sectional survey among 1,429 parents from the same schools. | Most principals (87.1%) reported that their school had a written food policy; however in most cases the rules were not clearly defined. Most of the principals (87.8%) believed that their school paid sufficient attention to nutrition and health. Teachers and principals felt that parents were primarily responsible to encourage healthy eating habits among children, while 49.8% of the parents believed that it is also a responsibility of the school to foster healthy eating habits among children. Most parents reported that they appreciated the school food policy and comply with the food rules. Parents' opinion on the enforcement of the school food policy varied: 28.1% believed that the school should enforce the policy more strongly, 32.1% was satisfied, and 39.8% had no opinion on this topic.","Maybe

Based on the information provided in the abstracts, there is some indication that the school food policies at Dutch primary schools could be improved, but the extent of the need for improvement is not definitively clear. 

The first abstract mentions that """
17,Is atropine needed with ketamine sedation?,yes,maybe,False,,"To compare atropine with placebo as an adjunct to ketamine sedation in children undergoing minor painful procedures. Outcome measures included hypersalivation, side effect profile, parental/patient satisfaction, and procedural success rate. | Children aged between 1 and 16 years of age requiring ketamine procedural sedation in a tertiary emergency department were randomised to receive 0.01 mg/kg of atropine or placebo. All received 4 mg/kg of intramuscular ketamine. Tolerance and sedation scores were recorded throughout the procedure. Side effects were recorded from the start of sedation until discharge. Parental and patient satisfaction scores were obtained at discharge and three to five days after the procedure, with the opportunity to report side effects encountered at home. | A total of 83 patients aged 13 months to 14.5 years (median age 3.4 years) were enrolled over a 16 month period. Hypersalivation occurred in 11.4% of patients given atropine compared with 30.8% given placebo (odds ratio (OR) 0.29, 95% confidence interval (CI) 0.09 to 0.91). A transient rash was observed in 22.7% of the atropine group compared with 5.1% of the placebo group (OR 5.44, 95% CI 1.11 to 26.6). Vomiting during recovery occurred in 9.1% of atropine patients compared with 25.6% of placebo patients (OR 0.29, 95% CI 0.09 to 1.02). There was a trend towards better tolerance in the placebo group. No patient experienced serious side effects.","Maybe

The provided abstracts do not definitively state whether atropine is necessary with ketamine sedation for all children undergoing minor painful procedures. The first abstract mentions comparing atropine with placebo, but does not conclude that atropine is"
18,Validation of the 2009 TNM version in a large multi-institutional cohort of patients treated for renal cell carcinoma: are further improvements needed?,yes,maybe,False,,"To determine whether there is a relationship between VEGF expression and renal vein and vena cava invasion in stage pT3 renal cell carcinoma and to evaluate the impact of VEGF expression on survival in pT3 renal cell carcinoma. | Based on a cohort of 166 pathological gamblers starting treatment in our department, data of each of the 8 patients treated by aripiprazole at inclusion were analyzed. | Infants referred to our institution with a final diagnosis of ARM were retrospectively reviewed between 2001 and 2009. The first cohort consisted of patients that were referred between November 2001 and November 2006 with the diagnosis of an ARM that had been delayed for more than 48 h. The second cohort was those referred between December 2006 and May 2009 with whom the diagnosis of ARM had not been made within 24 h of birth.","Maybe

The provided abstracts do not directly address the validation of the 2009 TNM staging system in a large multi-institutional cohort of patients treated for renal cell carcinoma. The first abstract discusses VEGF expression and its relation"
19,Canada's Compassionate Care Benefit: is it an adequate public health response to addressing the issue of caregiver burden in end-of-life care?,no,maybe,False,,"An increasingly significant public health issue in Canada, and elsewhere throughout the developed world, pertains to the provision of adequate palliative/end-of-life (P/EOL) care. Informal caregivers who take on the responsibility of providing P/EOL care often experience negative physical, mental, emotional, social and economic consequences. In this article, we specifically examine how Canada's Compassionate Care Benefit (CCB)--a contributory benefits social program aimed at informal P/EOL caregivers--operates as a public health response in sustaining informal caregivers providing P/EOL care, and whether or not it adequately addresses known aspects of caregiver burden that are addressed within the population health promotion (PHP) model. | As part of a national evaluation of Canada's Compassionate Care Benefit, 57 telephone interviews were conducted with Canadian informal P/EOL caregivers in 5 different provinces, pertaining to the strengths and weaknesses of the CCB and the general caregiving experience. Interview data was coded with Nvivo software and emerging themes were identified by the research team, with such findings published elsewhere. The purpose of the present analysis was identified after comparing the findings to the literature specific to caregiver burden and public health, after which data was analyzed using the PHP model as a guiding framework. | Health services often spend more on safety interventions than seems cost-effective. This study investigates whether the public value safety-related health care improvements more highly than the same improvements in contexts where the health care system is not responsible.","Maybe

The provided abstracts do not definitively state whether the Compassionate Care Benefit (CCB) is an adequate public health response to addressing caregiver burden in end-of-life care. 

Abstract 1 mentions that the CCB is ""aimed"
20,Cardiovascular risk in a rural adult West African population: is resting heart rate also relevant?,yes,maybe,False,,"Elevated resting heart rate (RHR) is a neglected marker in cardiovascular risk factor studies of sub-Saharan African populations. This study aimed to determine the prevalence of elevated RHR and other risk factors for cardiovascular disease (CVD) and to investigate any associations between RHR and these risk factors in a rural population in Ghana. | It is not known whether common carotid intima media thickness (CIMT) can serve as a surrogate marker of cardiovascular risk among black Africans. Therefore, we examined whether CIMT differed significantly among individuals with distinct cardiovascular phenotype and correlated significantly with traditional cardiovascular risk factors in a black African population. | CIMT was measured in 456 subjects with three distinct cardiovascular phenotypes - 175 consecutive Nigerian African stroke patients, 161 hypertensive patients without stroke and 120 normotensive non-smoking adults. For each pair of cardiovascular phenotypes, c-statistics were obtained for CIMT and traditional vascular risk factors (including age, gender, weight, waist circumference, smoking, alcohol, systolic and diastolic blood pressures, fasting plasma glucose, fasting total cholesterol). Pearson's correlation coefficients were calculated to quantify bivariate relationships.","Maybe

The provided abstracts do not explicitly address the relevance of resting heart rate (RHR) in a rural adult West African population. The first abstract mentions that RHR is a ""neglected marker"" in cardiovascular risk factor studies of sub-Saharan"
21,Does early migraine treatment shorten time to headache peak and reduce its severity?,yes,maybe,False,,"To explore whether early treatment would shorten the duration of headache from headache onset to its peak and reduce headache severity at peak. | A total of 182 patients reported 970 migraine episodes, 620 of which were treated before headaches progressed to peak. Mean time from headache onset to peak varied from 1.9 hours to 8.9 hours for patients treated within 15 minutes of onset and those who waited for 4 or more hours, respectively. However, early intervention was not associated with reduced headache severity at peak. In multivariate analysis, early treatment, use of triptans, and mild migraine headache in the past 3 months were significantly associated with shorter time from onset to headache peak. A separate model indicated that the timing of medication was not associated with the duration between dosing and headache peak, but use of triptans shortened the time from dosing to headache peak. | Prior clinical studies almost exclusively focused on headache relief after dosing. No data are available on whether early intervention affects the duration from headache onset to peak and headache severity at peak.","Maybe

Explanation: The provided abstracts suggest that early treatment does not necessarily shorten the time from headache onset to the peak of the headache (duration) or reduce headache severity at peak. While early treatment is associated with faster onset-to-peak times,"
22,Do general practice selection scores predict success at MRCGP?,yes,maybe,False,,"This study carried out a retrospective analysis of 101 trainees from the Wales Deanery who were successfully selected on to general practice training in 2007. Selection data consisted  of an overall selection score as well as scores from each individual stage of selection. Correlation was used to explore associations between selection scores and examination scores. | Selection into general practice training is undertaken using a competency based approach. The clear advantage of this approach over traditional methods has been demonstrated through evaluation of its validity and reliability. However, the relationship between selection  and performance in the Royal College of General Practitioner examinations (MRCGP) has yet to be explored. The MRCGP comprises of an applied knowledge test (AKT), a clinical skills assessment (CSA) and workplace-based assessments (WPBA).AIM: To explore the predictive validity of general  practice selection scores using the AKT and CSA elements of the MRCGP as a final outcome measure. | As part of an MRC funded study into primary care oral anticoagulation management, INR measurements obtained in general practice were validated against values on the same samples obtained in hospital laboratories. A prospective comparative trial was undertaken between three hospital laboratories and nine general practices. All patients attending general practice based anticoagulant clinics had parallel INR estimations performed in general practice and in a hospital laboratory.","Maybe

The provided abstracts do not directly address whether general practice selection scores predict success at the MRCGP. Abstract 1 discusses the correlation between selection scores and examination scores but does not specifically mention the MRCGP. Abstract 2 mentions that"
23,Cycloplegic autorefraction in young adults: is it mandatory?,maybe,maybe,True,,"The precise correction of refractive error is especially important in young adults. It is unclear whether cycloplegic refraction is necessary in this age group. The purpose of this study was to compare the non-cycloplegic and cycloplegic spherical equivalent (SE) refractive error measured in young adults. | It has been suggested that increasing obesity levels in young women lead to intrauterine environments that, in turn, stimulate increased obesity among their offspring, generating an intergenerational acceleration of obesity levels. If this mechanism is important, the association of maternal body mass index (BMI) with offspring BMI should be stronger than the association of paternal with offspring BMI. | This was a prospective study of 1400 eyes (n = 700) of enlisted soldiers aged 18 to 21 years who were consecutively evaluated in an outpatient army ophthalmology clinic. One drop of cyclopentolate 1 % was installed twice 10 min apart, and cycloplegic refraction was performed in both eyes 40 min later using an auto-refractor. The difference between non-cycloplegic and cycloplegic refractive measurements was analyzed.","Maybe

The context provides information about a study comparing non-cycloplegic and cycloplegic spherical equivalent (SE) refractive error in young adults. However, it does not definitively state whether cycloplegic ref"
24,Dementia and aphasia in motor neuron disease: an underrecognised association?,yes,maybe,False,,"To determine the prevalence and nature of global cognitive dysfunction and language deficits in an unselected population based cohort of patients with motor neuron disease (MND). | A battery of neuropsychological and language tests was administered to patients presenting consecutively over a 3 year period to a regional neurology service with a new diagnosis of sporadic motor neuron disease. | Chronic low back pain (CLBP) is often accompanied by an abnormal motor performance. However, it has not been clarified yet whether these deviations also occur during motor tasks not involving the back and whether the performance is influenced by pain and pain-related cognitions. Therefore, the aim of the present study is to get insight in the contribution of both pain experience and pain-related cognitions to general motor task performance in CLBP.","Maybe

The provided abstracts do not specifically address dementia and aphasia in motor neuron disease (MND). The first abstract discusses the prevalence and nature of cognitive dysfunction and language deficits in MND patients, but does not explicitly state that these are under"
25,Is minilaparoscopic inguinal hernia repair feasible?,yes,maybe,False,,"Laparoscopy has rapidly emerged as the preferred surgical approach to a number of different diseases because it allows for a correct diagnosis and proper treatment. It seems to be moving toward the use of mini-instruments (5 mm or less in diameter). The aim of this paper is to illustrate retrospectively the results of an initial experience of minilaparoscopic transabdominal preperitoneal (miniTAPP) repair of groin hernia defects performed at two institutions. | One-hundred and thirty-two patients with severe functional MR and systolic dysfunction (mean ejection fraction 0.32 ± 0.078) underwent mitral surgery in the same time frame. The decision to replace rather than repair the MV was taken when 1 or more echocardiographic predictors of repair failure were identified at the preoperative echocardiogram. Eighty-five patients (64.4%) received MV repair and 47 patients (35.6%) received MV replacement. Preoperative characteristics were comparable between the 2 groups. Only ejection fraction was significantly lower in the MV repair group (0.308 ± 0.077 vs 0.336 ± 0.076, p = 0.04). | The impact of different strategies for management of intercostal and lumbar arteries during repair of thoracic and thoracoabdominal aortic aneurysms (TAA/A) on the prevention of paraplegia remains poorly understood.","Maybe

The provided context discusses minilaparoscopic transabdominal preperitoneal (miniTAPP) repair of groin hernia defects, but it does not provide enough information to definitively state whether this technique is feasible or not."
26,Rectal cancer threatening or affecting the prostatic plane: is partial prostatectomy oncologically adequate?,maybe,maybe,True,,"A multicentre, retrospective study was conducted of patients with rectal cancer threatening or affecting the prostatic plane, but not the bladder, judged by magnetic resonance imaging (MRI). The use of preoperative chemoradiotherapy and the type of urologic resection were correlated with the status of the pathological circumferential resection margin (CRM) and local recurrence. | A consecutive series of 126 men with rectal cancer threatening (44) or affecting (82) the prostatic plane on preoperative staging and operated with local curative intent between 1998 and 2010 was analysed. In patients who did not have chemoradiotherapy but had a preoperative threatened anterior margin the CRM-positive rate was 25.0%. In patients who did not have preoperative chemoradiotherapy but did have an affected margin, the CRM-positive rate was 41.7%. When preoperative radiotherapy was given, the respective CRM infiltration rates were 7.1 and 20.7%. In patients having preoperative chemoradiotherapy followed by prostatic resection the rate of CRM positivity was 2.4%. Partial prostatectomy after preoperative chemoradiotherapy resulted in a free anterior CRM in all cases, but intra-operative urethral damage occurred in 36.4% of patients who underwent partial prostatectomy, resulting in a postoperative urinary fistula in 18.2% of patients. | Anastomotic leakage is the most threatening early complication in sphincter-preserving rectal cancer surgery. While the oncological consequences have been well examined, only few data exist about the functional outcome.","Maybe

The provided abstracts do not explicitly state whether partial prostatectomy for rectal cancer threatening or affecting the prostatic plane is oncologically adequate. Abstract 2 does mention that when preoperative chemoradiotherapy is given, the rate of"
27,Do family physicians know the costs of medical care?,no,maybe,False,,"Family medicine has aspired to train residents and conduct research in settings that closely resemble community practice. The purpose of this study was to compare the patient characteristics of the ambulatory teaching centers of a consortium of seven community-based university-affiliated family practice residency programs in northeast Ohio with the National Ambulatory Medical Care Survey (NAMCS) results for family physicians (FPs) and general practitioners (GPs). | Mailed survey asking about costs of 23 investigations and 23 therapies relevant to family practice. A random sample of 600 doctors was asked to report their awareness of costs and to estimate costs of the 46 items. | Electronic health records have the potential to facilitate family history use by primary care physicians (PCPs) to provide personalized care. The objective of this study was to determine whether automated, at-the-visit tailored prompts about family history risk change PCP behavior.","Maybe

The provided context does not directly address whether family physicians know the costs of medical care. Abstract 2 mentions a survey asking about the costs of medical investigations and therapies, but it does not specify if these were related to family physicians specifically. Abstract"
28,"Diagnostic characteristics of child bipolar I disorder: does the ""Treatment of Early Age Mania (team)"" sample generalize?",yes,maybe,False,,"To examine the representativeness of a randomized controlled trial (RCT) sample versus one obtained by consecutive new case ascertainment, for subjects with child bipolar I disorder. | Subjects (N = 247) were outpatients who participated in either the National Institute of Mental Health-funded Phenomenology and Course of Pediatric Bipolar Disorders study or the Treatment of Early Age Mania (TEAM) study. Both studies required that subjects have current DSM-IV bipolar I disorder (manic or mixed phase) and a Children's Global Assessment Scale (CGAS) score<or=60. All subjects had elation and/or grandiosity. Subjects in the Phenomenology study were obtained from 1995 to 1998 by consecutive new case ascertainment from designated pediatric and psychiatric facilities. Subjects in the TEAM RCT were recruited from media and community sources between March 2003 and March 2005. Assessment instruments included the Washington University in St. Louis Kiddie Schedule for Affective Disorders and Schizophrenia, given separately to parents about their children and to children about themselves, and the CGAS. Logistic regression was used for comparisons. | The potential effects of binge drinking during pregnancy on child motor function have only been assessed in a few, small studies. We aimed to examine the effects of binge alcohol consumption during early pregnancy, including number of binge episodes and timing of binge drinking, on child motor function at age 5.","Maybe

The information provided in Abstract 2 does not directly address whether the ""Treatment of Early Age Mania (TEAM)"" sample generalizes to child bipolar I disorder. While it mentions that both the Phenomenology and TEAM studies included subjects with current"
29,Does high blood pressure reduce the risk of chronic low back pain?,yes,maybe,False,,"In the cross-sectional study, all three blood pressure measures showed inverse relationships with prevalence of low back pain in both sexes. In the prospective study of disease-free women, baseline pulse pressure and systolic pressure were inversely associated with risk of low back pain [odds ratio (OR) 0.93 per 10 mm Hg increase in pulse pressure, 95% confidence interval (CI) 0.89-0.98, p = 0.007; OR 0.95 per 10 mm Hg increase in systolic pressure, 95% CI 0.92-0.99, p = 0.005]. Results among men were equivocal. No associations were indicated with the occurrence of pain in individuals with low back pain at baseline. | Associations between blood pressure and chronic low back pain were explored in the cross-sectional HUNT 2 survey of a Norwegian county in 1995-1997, including 39,872 individuals who never used antihypertensive medication. A prospective study, comprising 17,209 initially back pain-free individuals and 5740 individuals reporting low back pain, was established by re-examinations in the HUNT 3 survey in 2006-2008. Associations were assessed by logistic regression with respect to systolic, diastolic and pulse pressure, with adjustment for education, work status, physical activity, smoking, body mass and lipid levels. | Cardiovascular disease is prevalent among workers with high levels of occupational physical activity. The increased risk may be due to a high relative aerobic workload, possibly leading to increased blood pressure. However, studies investigating the relation between relative aerobic workload and ambulatory blood pressure (ABP) are lacking. The aim was to explore the relationship between objectively measured relative aerobic workload and ABP.","Maybe

The provided abstracts do not definitively state that high blood pressure reduces the risk of chronic low back pain. While there are some studies suggesting an inverse relationship between blood pressure and low back pain, the evidence is mixed and not conclusive."
30,Are endometrial polyps from pre-menopausal women similar to post-menopausal women?,no,maybe,False,,"Do endometrial polyps from pre- and post-menopausal women have similar immunohistochemical expression of oestrogen and progesterone receptors (ER, PR) and markers of cellular proliferation/apoptosis (Ki67 and Bcl-2). | Fourteen pre-menopausal and 16 post-menopausal women who presented with abnormal bleeding with endometrial polyps. | Endometrial polyps from pre- and post-menopausal women had significant differences in their expression of hormone receptors and Ki67. However, polyps from both groups of women had similarly increased levels of Bcl-2, an inhibitor of apoptosis.","Maybe

The information provided in the abstracts does not definitively state whether endometrial polyps from pre-menopausal women are similar to those from post-menopausal women. 

In Abstract 1, it is mentioned that there are """
31,Are physician estimates of asthma severity less accurate in black than in white patients?,yes,maybe,False,,"Racial differences in asthma care are not fully explained by socioeconomic status, care access, and insurance status. Appropriate care requires accurate physician estimates of severity. It is unknown if accuracy of physician estimates differs between black and white patients, and how this relates to asthma care disparities. | Three thousand four hundred and ninety-four patients participated (13% were black). Blacks were significantly more likely than white patients to have their asthma severity underestimated (OR = 1.39, 95% CI 1.08-1.79). Among black patients, underestimation was associated with less use of daily inhaled corticosteroids (13% vs 20%, p<.05), less physician instruction on management of asthma flare-ups (33% vs 41%, p<.0001), and lower ratings of asthma care (p = .01) and physician communication (p = .04). | We hypothesized that: 1) physician underestimation of asthma severity is more frequent among black patients; 2) among black patients, physician underestimation of severity is associated with poorer quality asthma care.","Maybe

Explanation: The information provided in the abstracts suggests that there is some evidence of underestimation of asthma severity by physicians in black patients compared to white patients, but it's not conclusive. 

In Abstract 1, it states that """
32,Acute hepatitis C in Israel: a predominantly iatrogenic disease?,yes,maybe,False,,"Acute hepatitis C virus infection in the era of universal screening of blood products has not disappeared, and is thought to be transmitted primarily via injecting drug use. A growing body of evidence supports iatrogenic transmission as an important mode of transmission. The aim of this study was to examine transmission routes and clinical characteristics in a group of patients with acute hepatitis C in Israel. | A retrospective chart review was conducted in three different liver clinics in Israel, of all new hepatitis C patients. Patients identified as possible acute hepatitis C were re-interviewed and all other sources such as blood bank records and pre-employment check-ups reviewed in order to establish the diagnosis of acute hepatitis C infection and to identify the transmission route. | Twenty-nine patients were found to have acute hepatitis C, representing 0.75% of all new referrals for hepatitis C. The most frequent (65%) mode of transmission was iatrogenic involving several, often minimal, procedures and clinical settings. The group in which iatrogenic transmission was suspected was older and the patients more often in monogamous relationship compared with other transmission routes groups. Injecting drug use was the second most common route of infection. Spontaneous seroconversion has occurred in approximately one third of the patients.","Maybe

The provided abstracts suggest that iatrogenic transmission may be an important mode of transmission for acute hepatitis C in Israel, but they do not definitively state that it is the predominant mode. While Abstract 1 mentions that ""a growing"
33,Do dermatomyositis and polymyositis affect similar thigh muscles?,no,maybe,False,,"Dermatomyositis (DM) and polymyositis (PM) commonly cause weakness of the thigh muscles. However, it is debated whether DM and PM affect similar thigh muscles. Muscle oedema on fat-suppressed MRI sequences is thought to represent active inflammation. In this study, we aimed to assess which thigh muscle groups are preferentially inflamed in DM and PM, respectively, using short-tau inversion-recovery MRI sequences. | Do endometrial polyps from pre- and post-menopausal women have similar immunohistochemical expression of oestrogen and progesterone receptors (ER, PR) and markers of cellular proliferation/apoptosis (Ki67 and Bcl-2). | Age and gender ratio were similar in patients with DM and PM. Disease duration (months, mean±SD) was shorter (20±31) in DM than in PM (53±69) (p=0.02). The intraclass correlation coefficient between the radiologists involved was 0.78. Muscle oedema was more common in DM than in PM except in the posterior thigh muscles. In particular, 68% of patients with DM had involvement of at least one anterior thigh muscle versus 38% of patients with PM (p=0.02).","Maybe

The context provides information that suggests dermatomyositis (DM) and polymyositis (PM) can affect similar thigh muscles, but it also indicates that there might be differences. Specifically:

1. It mentions that ""muscle o"
34,Delays in time to primary treatment after a diagnosis of breast cancer: does it impact survival?,no,no,True,,"Treatment delays in breast cancer are generally thought to affect prognosis but the impact on survival remains unclear. Indicators for breast cancer care include time to primary treatment. The purpose of this study was to evaluate whether time to primary treatment (TPT) in breast cancer impacts survival. | Embalming is the through disinfection and art of preserving bodies after death using chemical substances. It keeps a body life like in appearance during the time it lies in a state prior to funeral. | A total of 648 breast cancer patients treated in the University Malaya Medical Center (UMMC), Malaysia between 2004 and 2005 were included in the study. TPT was calculated from the date of pathological diagnosis to the date of primary treatment. Mortality data was obtained from the National Registry of Births and Deaths. Last date of follow-up was November 2010.","Based solely on the information provided in the given context, the answer is:

Maybe

The context mentions that there is a study evaluating whether time to primary treatment (TPT) impacts survival in breast cancer patients. However, it does not provide specific findings"
35,Does positron emission tomography change management in primary rectal cancer?,yes,maybe,False,,"The influence of positron emission tomography in the management of recurrent rectal cancer is well established but its role in primary rectal cancer remains uncertain. This study therefore prospectively assesses the impact of position emission tomography scanning on the management of primary rectal cancer. | The surgical management of 36 of 46 patients (78 percent) was unchanged as a result of position emission tomography, even though position emission tomography upstaged disease in 3 of 36 cases (8 percent) and downstaged disease in 5 of 36 cases (14 percent). In 8 of 46 cases (17 percent), management was altered because of the position emission tomography scan findings, including 6 cases (13 percent) in which surgery was cancelled and 2 other cases (4 percent) in which the radiotherapy field was changed. Where available, follow-up confirmed the appropriateness of position emission tomography-induced management change in each case. Two patients had a change in therapy independent of the position emission tomography scan due to clinical circumstances. Overall tumor stage was changed following position emission tomography in 18 of 46 patients (39 percent). | Forty-six patients with advanced primary rectal cancer referred for consideration of adjuvant preoperative therapy underwent position emission tomography scanning. The referring physicians prospectively recorded each patient's stage following conventional imaging and the proposed treatment plan prior to position emission tomography scanning. This was then compared with subsequent stage and actual management implemented, and the appropriateness of position emission tomography-induced changes was noted by subsequent clinical follow-up.","Maybe

The provided abstracts do not definitively state whether positron emission tomography (PET) always changes management in primary rectal cancer. 

In Abstract 1, it mentions that PET ""remains uncertain"" in its role for primary rect"
36,"Laparoscopic myomectomy: do size, number, and location of the myomas form limiting factors for laparoscopic myomectomy?",no,maybe,False,,"A total of 505 healthy nonpregnant women with symptomatic myomas underwent laparoscopic myomectomy at our center. No exclusion criteria were based on the size, number, or location of myomas. | To assess whether it is possible for an experienced laparoscopic surgeon to perform efficient laparoscopic myomectomy regardless of the size, number, and location of the myomas. | In all, 912 myomas were removed in these 505 patients laparoscopically. The mean number of myomas removed was 1.85 +/- 5.706 (95% CI 1.72-1.98). In all, 184 (36.4%) patients had multiple myomectomy. The mean size of the myomas removed was 5.86 +/- 3.300 cm in largest diameter (95% CI 5.56-6.16 cm). The mean weight of the myomas removed was 227.74 +/- 325.801 g (95% CI 198.03-257.45 g) and median was 100 g. The median operating time was 60 minutes (range 30-270 minutes). The median blood loss was 90 mL (range 40-2000 mL). Three comparisons were performed on the basis of size of the myomas (<10 cm and>or=10 cm in largest diameter), number of myomas removed (<or=4 and>or=5 myomas), and the technique (enucleation of the myomas by morcellation while the myoma is still attached to the uterus and the conventional technique). In all these comparisons, although the mean blood loss, duration of surgery, and hospital stay were greater in the groups in which larger myomas or more myomas were removed or the modified technique was performed as compared with their corresponding study group, the weight and size of removed myomas were also proportionately larger in these groups. Two patients were given the diagnosis of leiomyosarcoma in their histopathology and 1 patient developed a diaphragmatic parasitic myoma followed by a leiomyoma of the sigmoid colon. Six patients underwent laparoscopic hysterectomy 4 to 6 years after the surgery for recurrent myomas. One conversion to laparotomy occurred and 1 patient underwent open subtotal hysterectomy for dilutional coagulopathy.","Maybe

The provided abstracts suggest that there is some flexibility in performing laparoscopic myomectomy regardless of the size, number, and location of the myomas, but they don't provide enough information to definitively state that there are no limitations"
37,Are women who are treated for hypothyroidism at risk for pregnancy complications?,no,no,True,,"This was a retrospective cohort study of all women who received prenatal care and were delivered at the University of California, San Francisco, between 1989 and 2001. All patients with hypothyroidism diagnosed before pregnancy or early in pregnancy were identified. Maternal, fetal, and obstetric outcomes were then collected and analyzed for women with hypothyroidism and compared with women without hypothyroidism. | Among 20,499 deliveries, there were 419 women (2.1%) who were treated for hypothyroidism during the study period. Hypothyroidism was more common among women>or =35 years old, white women, and women without Medicaid insurance. Treated hypothyroidism was not associated with any increase in maternal, fetal, or neonatal complications. In addition, hypothyroidism did not affect mode of delivery. | The purpose of this study was to investigate the outcomes that are associated with pregnancy and treated hypothyroidism.","Based solely on the information given in the provided abstracts, the answer is ""maybe."" 

The first abstract describes a retrospective cohort study comparing outcomes between women with and without hypothyroidism who received prenatal care. It does not explicitly state whether treated"
38,After CLASS--Is a voluntary public insurance program a realistic way to meet the long-term support and service needs of adults with disabilities?,no,maybe,False,,"An estimated 25.8 million adults aged 40-65 (26.7%) said they would be interested in paying for a public insurance program to cover PAS benefits. However, interest in PAS insurance varied by age, race, ethnicity, region, income, disability status, and family experience with ADL assistance. Only 1.6 million adults aged 40-65 (1.8%) said they would be willing to pay $100 per month or more for coverage. | The CLASS Act, which was part of the Affordable Care Act of 2010, established a voluntary personal assistance services (PAS) insurance program. However, concerns about enrollment and adverse selection led to repeal of the CLASS Act in 2013. | If long-term use of left ventricular assist devices (LVADs) as bridges to transplantation is successful, the issue of permanent device implantation in lieu of transplantation could be addressed through the creation of appropriately designed trials. Our medium-term experience with both pneumatically and electrically powered ThermoCardiosystems LVADs is presented to outline the benefits and limitations of device support in lieu of transplantation.","Maybe

The context provides information that suggests a voluntary public insurance program for PAS benefits might not be a realistic solution. Here's how:

1. Interest in such a program is low: Only 26.7% of adults aged 40"
39,Can implant retention be recommended for treatment of infected TKA?,maybe,maybe,True,,"We (1) asked whether the infection control rates, number of additional procedures, length of hospital stay, and treatment duration differed between implant retention and two-stage revision treatment; and (2) identified risk factors that can contribute to failure of infection control. | We reviewed the records of 60 patients treated for 64 infected TKA from 2002 to 2007. Twenty-eight patients (32 knees) underwent débridement with retention of component, and 32 patients (32 knees) were treated with component removal and two-stage revision surgery. We determined patients' demographics, type of infection, causative organisms, and outcome of treatment. Mean followup was 36 months (range, 12-84 months). | Infection control rate was 31% in retention and 59% in the removal group after initial surgical treatment, and 81% and 91% at latest followup, respectively. Treatment duration was shorter in the retention group and there was no difference in number of additional surgeries and length of hospital stay. Type of treatment (retention versus removal) was the only factor associated with infection control; subgroup analysis in the retention group showed Staphylococcus aureus infection and polyethylene nonexchange as contributing factors for failure of infection control.","Maybe

Based on the provided context, we cannot definitively recommend implant retention for the treatment of infected TKA. The abstracts present conflicting information regarding the outcomes of implant retention versus two-stage revision surgery for infected total knee arthroplasty (TK"
40,Is ankle/arm pressure predictive for cardiovascular mortality in older patients living in nursing homes?,no,maybe,False,,"418 dependent elderly (83 males, 335 females, mean age 83.7+/-8.5 y, range 55-102) living in the nursing homes. | 2 large nursing homes in Turin, Italy. | Elevated resting heart rate (RHR) is a neglected marker in cardiovascular risk factor studies of sub-Saharan African populations. This study aimed to determine the prevalence of elevated RHR and other risk factors for cardiovascular disease (CVD) and to investigate any associations between RHR and these risk factors in a rural population in Ghana.","Maybe

The provided context does not contain information about ankle/arm pressure being predictive for cardiovascular mortality in older patients living in nursing homes. The context discusses the demographics of elderly individuals residing in nursing homes and mentions elevated resting heart rate as a risk factor for cardiovascular"
41,Is Aspiration Thrombectomy Beneficial in Patients Undergoing Primary Percutaneous Coronary Intervention?,no,maybe,False,,"It is unclear whether intravenous glycoprotein IIb/IIIa inhibitors or ischemic time might modify any clinical benefits observed with aspiration thrombectomy before primary percutaneous coronary intervention (PCI) in patients with ST-segment-elevation myocardial infarction. | To study the relationship between coronary angiography and in-hospital mortality in patients undergoing emergency surgery of the aorta without a history of coronary revascularization or coronary angiography before the onset of symptoms. | Electronic databases were searched for trials that randomized ST-segment-elevation myocardial infarction patients to aspiration thrombectomy before PCI versus conventional PCI. Summary estimates were constructed using a DerSimonian-Laird model. Seventeen trials with 20 960 patients were available for analysis. When compared with conventional PCI, aspiration thrombectomy was not associated with a significant reduction in the risk of mortality 2.8% versus 3.2% (risk ratio [RR], 0.89; 95% confidence interval [CI], 0.76-1.04; P=0.13), reinfarction 1.3% versus 1.4% (RR, 0.93; 95% CI, 0.73-1.17; P=0.52), the combined outcome of mortality or reinfarction 4.1% versus 4.6% (RR, 0.90; 95% CI, 0.79-1.02; P=0.11), or stent thrombosis 0.9% versus 1.2% (RR, 0.82; 95% CI, 0.62-1.08; P=0.15). Aspiration thrombectomy was associated with a nonsignificant increase in the risk of stroke 0.6% versus 0.4% (RR, 1.45; 95% CI, 0.96-2.21; P=0.08). Meta-regression analysis did not identify a difference for the log RR of mortality, reinfarction, and the combined outcome of mortality or reinfarction with intravenous glycoprotein IIb/IIIa inhibitors (P=0.17, 0.70, and 0.50, respectively) or with ischemic time (P=0.29, 0.66, and 0.58, respectively).","Maybe

The provided abstracts do not definitively state whether aspiration thrombectomy is beneficial in patients undergoing primary percutaneous coronary intervention (PCI). The first abstract mentions uncertainty about whether aspirin thrombectomy modifies clinical benefits when used with other treatments"
42,Are head and neck specific quality of life measures necessary?,yes,maybe,False,,"The H&NS was highly reliable and more strongly correlated to the specific measures than to the general measure. Eating/swallowing (ES) and speech/communication (SC) were not well correlated with general health domains. Head and neck pain was highly correlated to general bodily pain (0.88, p<.0001). Despite correlations to some general health domains, appearance (AP) was not fully reflected by any other domain. | The purpose of this study was to determine whether head and neck-specific health status domains are distinct from those assessed by general measures of quality-of-life (QOL). | Dryness of the mouth is one of the most distressing chronic toxicities of radiation therapy in head and neck cancers. In this study, parotid function was assessed in patients with locally advanced head and neck cancers undergoing intensity-modulated radiotherapy (IMRT) with or without chemotherapy. Parotid function was assessed with the help of a questionnaire and parotid scintigraphy, especially with regards to unilateral sparing of the parotid gland.","Maybe

The context provides information about the reliability and correlation of different health domains related to head and neck conditions, but it does not explicitly state whether head and neck-specific quality of life measures are necessary. It mentions that the H&NS (head and"
43,Comparative safety of infliximab and etanercept on the risk of serious infections: does the association vary by patient characteristics?,yes,maybe,False,,"We identified members of Kaiser Permanente Northern California who initiated infliximab (n = 793) or etanercept (n = 2692) in 1997-2007. Using a Cox model, we estimated the propensity-score-adjusted hazard ratio (HR) and 95% confidence interval (CI) of serious infections requiring hospitalization or opportunistic infections comparing infliximab initiators to etanercept initiators. We tested whether the adjusted HR differed by age, sex, race/ethnicity, body mass index, and smoking status. | Infliximab, a chimeric monoclonal anti-TNFα antibody, has been found to increase the risk of serious infections compared with the TNF receptor fusion protein etanercept in some studies. It is unclear whether the risk varies by patient characteristics. We conducted a study to address this question. | The crude incidence rate of serious infections per 100 person-years was 5.4 (95%CI: 3.8, 7.5) in patients<65 years and 16.0 (95%CI: 10.4, 23.4) in patients ≥ 65 years during the first 3 months following treatment initiation. Compared with etanercept, the adjusted HR during this period was elevated for infliximab in patients<65 years (HR: 3.01; 95%CI: 1.49, 6.07), but not in those ≥ 65 years (HR 0.94; 95%CI: 0.41, 2.13). Findings did not suggest that the HR varied by the other patient characteristics examined.","Maybe

The provided abstracts do not explicitly state whether the association between infliximab and etanercept on the risk of serious infections varies by patient characteristics. Abstract 1 mentions testing whether the adjusted HR differs by various patient characteristics, but"
44,Does spontaneous remission occur in polyarteritis nodosa?,yes,maybe,False,,"Polyarteritis nodosa (PAN) is a systemic vasculitis involving mainly medium-sized arteries and, rarely, small-sized arteries. The diagnosis is principally based on clinical exams, biopsy of an affected organ, and/or arteriography of renal or mesenteric arteries. Once diagnosed, immunosuppressive agents, such as glucocorticoids and cyclophosphamide, are generally introduced as soon as possible. Whether spontaneous remission of PAN occurs is therefore largely unknown. | Of the 61 patients included in this study, 48 (78.7%) achieved initial remission and 13 (21.3%) failed treatment. Seven patients suffered subsequent relapse (range 22-158 months) in their condition after apparent remission, leaving a final group of 41 patients (67.2%) in the remission group. Tumour was identified at surgery in 52 patients, of whom 38 achieved remission. In comparison, only 3 of 9 patients in whom no tumour was identified achieved remission. This difference was significant (P = 0.048). When both radiological and histological findings were positive, the likelihood of achieving remission was significantly higher than if both modalities were negative (P = 0.038). There were significant differences between remission and failure groups when 2- and 6-week postoperative serum cortisol levels (P = 0.002 and 0.001, respectively) and 6-week postoperative urine free cortisol levels (P = 0.026) were compared. This allowed identification of patients who failed surgical treatment in the early postoperative period. Complications of surgery included transitory DI in 13, transitory CSF leak in 8 and transitory nasal discharge and cacosmia in 3. Twelve of 41 patients required some form of hormonal replacement therapy despite achieving long-term remission. Thirteen patients underwent a second operation, of whom 5 achieved remission. | We describe the case of a 51-year-old woman who presented with a 4-day-history of intense pain in her left flank, hypertension, fever, microscopic hematuria, and acute renal failure. Contrast-enhanced renal ultrasound strongly suggested bilateral renal infarction. Medical history and an extensive workup allowed to exclude systemic embolism, recreational drug abuse, cardiac arrhythmias, and thrombophilia. A possible diagnosis of PAN was considered; however, within 2 weeks of admission, spontaneous remission of her clinical and biological symptoms occurred without the use of any immunosuppressive treatment. Finally, 3 months later, renal arteriography confirmed the diagnosis of PAN. The patient remains free of symptoms 1 year after initial presentation.","Maybe

The provided context does not definitively state whether spontaneous remission occurs in polyarteritis nodosa (PAN). While it mentions that ""whether spontaneous remission of PAN occurs is therefore largely unknown,"" it also notes that once diagnosed, immun"
45,Do all ethnic groups in New Zealand exhibit socio-economic mortality gradients?,yes,yes,True,,"First, to establish whether a deprivation gradient in all-cause mortality exists for all ethnic groups within New Zealand; second, if such gradients do exist, whether their absolute slopes are the same; and third, if such gradients exist, what impact the unequal deprivation distributions of the different ethnic groups have on the observed ethnic inequalities in life expectancy at birth. | All four ethnic groups exhibit deprivation gradients in all-cause mortality (life expectancy). Maori show the steepest gradients, with slopes approximately 25% steeper than those of Europeans for both males and females. By contrast, gradients among Asian and Pacific peoples are shallower than those of their European counterparts. | Australian and New Zealand Clinical Trials Registry ACTRN12612000038897.","yes

Based on the information provided in the context, we can conclude that all ethnic groups in New Zealand do exhibit socio-economic mortality gradients. This is evident from Abstract 1, which states:

""First, to establish whether a deprivation gradient in all"
46,Autoerotic asphyxiation: secret pleasure--lethal outcome?,yes,yes,True,,"Voluntary asphyxiation among children, preteens, and adolescents by hanging or other means of inducing hypoxia/anoxia to enhance sexual excitement is not uncommon and can lead to unintended death. This study addresses autoerotic asphyxiation (AEA) with the intent of increasing pediatricians' knowledge of the syndrome and awareness of its typical onset among young patients. AEA is characteristically a clandestine and elusive practice. Provided with relevant information, pediatricians can identify the syndrome, demonstrate a willingness to discuss concerns about it, ameliorate distress, and possibly prevent a tragedy. | To evaluate the degree to which histologic chorioamnionitis, a frequent finding in placentas submitted for histopathologic evaluation, correlates with clinical indicators of infection in the mother. | A retrospective review was performed on 52 cases with a histologic diagnosis of acute chorioamnionitis from 2,051 deliveries at University Hospital, Newark, from January 2003 to July 2003. Third-trimester placentas without histologic chorioamnionitis (n = 52) served as controls. Cases and controls were selected sequentially. Maternal medical records were reviewed for indicators of maternal infection.","yes
Based on the provided context, the answer is ""yes."" The abstract discusses voluntary asphyxiation among children, preteens, and adolescents as a secretive and potentially lethal practice known as autoerotic asphyxiation (AEA)."
47,Must early postoperative oral intake be limited to laparoscopy?,no,maybe,False,,"This prospective, randomized study was designed to evaluate whether or not early postoperative feeding (claimed as a unique benefit of laparoscopic surgery) is possible after laparotomy and colorectal resection. | Our aim in this study was to investigate whether mean platelet volume (MPV) value could be used as an early marker to predict pelvic inflammatory disease (PID). | Manual resuscitation devices for infants and newborns must be able to provide adequate ventilation in a safe and consistent manner across a wide range of patient sizes (0.5-10 kg) and differing clinical states. There are little comparative data assessing biomechanical performance of common infant manual resuscitation devices across the manufacturers' recommended operating weight ranges. We aimed to compare performance of the Ambu self-inflating bag (SIB) with the Neopuff T-piece resuscitator in three resuscitation models.","Maybe

The provided abstracts do not give us enough information to definitively say whether early postoperative oral intake should be limited to laparoscopy or not. The first abstract discusses a study evaluating early postoperative feeding after laparotomy and colore"
48,Can ki-67 play a role in prediction of breast cancer patients' response to neoadjuvant chemotherapy?,yes,maybe,False,,"Currently the choice of breast cancer therapy is based on prognostic factors. The proliferation marker Ki-67 is used increasingly to determine the method of therapy. The current study analyses the predictive value of Ki-67 in foreseeing breast cancer patients' responses to neoadjuvant chemotherapy. | This study includes patients with invasive breast cancer treated between 2008 and 2013. The clinical response was assessed by correlating Ki-67 to histological examination, mammography, and ultrasonography findings. | Microbial contamination can be a marker for faulty process and is assumed to play an important role in the collection of hematopoietic progenitor cell (HPC) and infusion procedure. We aimed to determine the microbial contamination rates and evaluate the success of hematopoietic cell transplantation (HCT) in patients who received contaminated products.PATIENTS-","Maybe

Based solely on the information provided in the given abstracts, we cannot definitively conclude that Ki-67 plays a role in predicting breast cancer patients' responses to neoadjuvant chemotherapy. 

The first abstract mentions that Ki-6"
49,Is the atopy patch test with house dust mites specific for atopic dermatitis?,yes,maybe,False,,"The atopy patch test (APT), namely the patch test with aeroallergens, is regarded as specific for patients with atopic dermatitis (AD), but small numbers of positive APT were reported in the past also in atopic subjects without dermatitis and in healthy persons. | The aim of this study was to evaluate the response to the APT with house dust mites (HDM) in subjects nonaffected by AD and to compare the outcomes observed in these cases with those pointed out in AD patients, evaluating also the differences between two allergen extracts manufactured at different purifications and concentrations. | Forty-seven atopic subjects without eczema (AWE), 33 nonatopic (NA) subjects and 77 adult AD patients were patch tested with an extract of purified bodies of HDM at 20% and with another extract of whole bodies of HDM at 30%, the latter corresponding to 300 microg/g of Der p 1. The reproducibility of APT was also tested in 8 AD patients, in 37 AWE subjects and in 19 NA subjects.","Maybe

The information provided in the context suggests that the atopy patch test (APT) with house dust mites (HDM) can be positive in individuals who do not have atopic dermatitis (AD). Specifically:

- Abstract 1 mentions"
50,"Young-Burgess classification of pelvic ring fractures: does it predict mortality, transfusion requirements, and non-orthopaedic injuries?",maybe,maybe,True,,"The objectives of this study were to evaluate the ability of the Young-Burgess classification system to predict mortality, transfusion requirements, and nonorthopaedic injuries in patients with pelvic ring fractures and to determine whether mortality rates after pelvic fractures have changed over time. | Mortality at index admission, transfusion requirement during first 24 hours, and presence of nonorthopaedic injuries as a function of Young-Burgess pelvic classification type. Mortality compared with historic controls. | Despite a relatively large sample size, the ability of the Young-Burgess system to predict mortality only approached statistical significance (P = 0.07, Kruskal-Wallis). The Young-Burgess system differentiated transfusion requirements--lateral compression Type 3 (LC3) and anteroposterior compression Types 2 (APC2) and 3 (APC3) fractures had higher transfusion requirements than did lateral compression Type 1 (LC1), anteroposterior compression Type 1 (APC1), and vertical shear (VS) (P<0.05)--but was not as useful at predicting head, chest, or abdomen injuries. Dividing fractures into stable and unstable types allowed the system to predict mortality rates, abdomen injury rates, and transfusion requirements. Overall mortality in the study group was 9.1%, unchanged from original Young-Burgess studies 15 years previously (P = 0.3).","Maybe

The provided abstracts suggest that the Young-Burgess classification system has some predictive value for certain outcomes related to pelvic ring fractures, but the extent and reliability of these predictions vary across different studies. 

In Abstract 1, the authors state"
51,Is transurethral catheterisation the ideal method of bladder drainage?,no,maybe,False,,"Bladder catheterisation is a routine part of major abdominal surgery. Transurethral catheterisation is the most common method of bladder drainage but is also notorious for its discomfort and increased risk of urinary tract infection. The present study aimed to establish patient satisfaction with transurethral catheterisation and to assess the incidence of clinically significant urinary tract infections after transurethral catheterisation through survey. | All patients who underwent major open abdominal surgery between October 2006 and December 2008 and required standard transurethral bladder catheterisation, were asked to participate in the study. Fifty patients were recruited. | Male patients were more dissatisfied than their female counterparts with transurethral catheterisation (satisfaction score: 4.18/10 vs. 2.75/10; p = 0.05). Male patients had more than double the score for pain at the urinary meatus with the catheter in situ (p =0.012) and during urine catheter removal (p = 0.013). Half the patients in the study also had symptoms of urinary tract infection after catheter removal.","Maybe

The provided abstracts do not definitively state that transurethral catheterisation is the ideal method of bladder drainage. While it is mentioned as a common practice for major abdominal surgeries, the studies described focus on patient satisfaction and the incidence"
52,PREVALENCE OF THE STREPTOCOCUS AGALACTIAE IN THE PREGNANT WOMAN FROM THE AUTONOMIC CITY OF MELILLA: IS CULTURE A DETERMINANT FACTOR?,yes,maybe,False,,"The neonatal infection by Streptococcus group B is one of the main causes of neonatal morbi-mortality rate. For this reason a screening is made to each pregnant woman in order to detect its presence, and if it was the case, to apply an antibiotic treatment during labour. The aim of this study was to know the prevalence of this Streptococcus in the pregnant women from Melilla, as well as the differences according to culture and age. | Group B Streptococci (GBS) asymptomatically colonize the vaginal or rectal areas of about 20% of pregnant women (4-40%). About 50% of infants to mothers with GBS colonization also become colonized at rectal, umbilical or oral sites. GBS is a leading bacterial cause of neonatal illness and death. The present prevalence rate of GBS carriers among parturients in the western Galilee in Israel is unknown.AIM: A prospective study of the GBS carrier rate according to origin and gestational age in the western Galilee in Israel. | The morbidity and mortality associated with Panton-Valentine leucocidin (PVL)-positive Staphylococcus aureus suggest that this toxin is a key marker of disease severity. Nevertheless, the importance of PVL in the pathogenesis of primary bacteraemia caused by S. aureus is uncertain. We have determined the prevalence of PVL-encoding genes among isolates of S. aureus from bacteraemic patients.","Maybe

The provided abstracts do not specifically address the prevalence of Streptococcus agalactiae (also known as Group B Streptococcus, or GBS) in pregnant women from Melilla. They discuss the prevalence of GBS"
53,Do microbiological factors account for poor pregnancy outcome among unmarried pregnant women in Poland?,yes,maybe,False,,"Being unmarried is a well-known risk factor for poor pregnancy outcome such as preterm delivery and intrauterine growth restriction. The aim of this prospective study was to assess the prevalence and risk of bacterial vaginosis (BV) and selected bacteria isolated from the lower genital tract and to determine the socioeconomic and microbiological characteristics that might be responsible for poor pregnancy outcome observed among unmarried pregnant women. | Among 196 pregnant women, 40 (20.4%) were unmarried. BV was diagnosed among 55 (28.1%) women studied. In the univariate analysis, unmarried pregnant women were characterized by younger age, primary educational level, poor economic situation and excessive smoking during pregnancy, as compared to married women. The unmarried status was a borderline risk factor for BV (OR = 1.83, 95% CI 0.94-4.9) after adjustment for age, smoking and education. An analysis of the microbiological culture from the lower genital tract revealed that unmarried pregnant women had a higher risk for several types of pathological microflora, as compared to married women. However, this finding was significant only for Mycoplasma hominis. The independent risk factors of M. hominis were the young age of the subject and a low concentration of Lactobacillus spp. | From January 2006 to August 2008, a group of 678 singleton pregnancies who had developed GDM has been selected as a study group among a total of 3966 pregnant women who had undergone first trimester screening for aneuploidies at 11-14 weeks of gestation. A group of 420 single pregnant women with physiological pregnancy were enrolled as control group. Both fetal structural and karyotype's anomalies were excluded in the two groups. NT was mesured by a Fetal Medicine Foundation certificated operator; GDM was diagnosed at 24-28 weeks of gestation following Carpenter and Coustan criteria. In the analyses of continuos variables, study and control group were compared by Student's t-test and Anova test.","Maybe

The provided context discusses a study conducted in Poland focusing on unmarried pregnant women and their risk factors for poor pregnancy outcomes, including bacterial vaginosis (BV) and other microbiological factors. However, the context does not explicitly state whether microbiological"
54,Can vaginal pH be measured from the wet mount slide?,no,maybe,False,,"To assess the accuracy of vaginal pH measurement on wet mount microscopy slides compared with direct measurements on fresh vaginal fluid. We also tested whether differences in accuracy were dependent on the sampling devices used or on the diagnosis of the vaginal infections. | The study took the form of in vitro measurement of endogenous pH and titratable acidity (mmol). Endogenous pH was measured using a pH meter, followed by titration to pH 7.0 with 0.1-M NaOH. | Using a cotton swab, cytobrush or wooden spatula a vaginal fluid specimen was collected from 84 consecutive women attending a vulvo-vaginitis clinic. A pH strip (pH range 4-7, Merck) was brought in contact with the vaginal fluid on the sampling device and on the glass slide after adding one droplet of saline and performing microscopy by two different people unaware of the microscopy results of the clinical exam. Values were compared by Fisher exact and Student's t-tests.","Maybe

The context mentions that vaginal pH can be measured on wet mount microscopy slides, but it does not provide enough information to definitively state that this is the only method for measuring vaginal pH. The abstracts do not explicitly confirm that vaginal pH can"
55,Does cognitive function predict frequency compressed speech recognition in listeners with normal hearing and normal cognition?,no,no,True,,"The aim was to investigate the relationship between cognitive ability and frequency compressed speech recognition in listeners with normal hearing and normal cognition. | This study compared recognition of symbolic representation of emotions or movements in music by two groups of children with different communicative characteristics: severe to profound hearing loss (using cochlear implants [CI]) and autism spectrum disorder (ASD). Their responses were compared to those of children with typical-development and normal hearing (TD-NH). Accuracy was examined as a function of communicative status, emotional or movement category, and individual characteristics. | There was a statistically significant reduction in mean speech recognition from around 80% when unprocessed to 40% for 2:1 compression and 30% for 3:1 compression. There was a statistically significant relationship between speech recognition and cognition for the unprocessed condition but not for the frequency-compressed conditions.","Based solely on the information given in the provided abstracts, the answer is:

Maybe

The context mentions an abstract that investigates the relationship between cognitive ability and frequency-compressed speech recognition in listeners with normal hearing and normal cognition. However, this specific abstract"
56,Is Overexpression of Ki-67 a Prognostic Biomarker of Upper Tract Urinary Carcinoma?,yes,maybe,False,,"Upper tract urinary carcinoma (UTUC) is a relatively uncommon but aggressive disease. The Ki-67 antigen is a classic marker of cellular proliferation, but there is still controversy regarding the significance and importance of Ki-67 in tumor progression. | Urinary free cortisol (UFC), an integrative biomarker of stress. | Bladder catheterisation is a routine part of major abdominal surgery. Transurethral catheterisation is the most common method of bladder drainage but is also notorious for its discomfort and increased risk of urinary tract infection. The present study aimed to establish patient satisfaction with transurethral catheterisation and to assess the incidence of clinically significant urinary tract infections after transurethral catheterisation through survey.","Maybe

The provided context does not explicitly state whether overexpression of Ki-67 is a prognostic biomarker for upper tract urinary carcinoma (UTUC). While it mentions that Ki-67 is a marker of cellular proliferation and there is"
57,Is Panton-Valentine leucocidin associated with the pathogenesis of Staphylococcus aureus bacteraemia in the UK?,maybe,maybe,True,,"The morbidity and mortality associated with Panton-Valentine leucocidin (PVL)-positive Staphylococcus aureus suggest that this toxin is a key marker of disease severity. Nevertheless, the importance of PVL in the pathogenesis of primary bacteraemia caused by S. aureus is uncertain. We have determined the prevalence of PVL-encoding genes among isolates of S. aureus from bacteraemic patients. | We analyzed the pharmacokinetic-pharmacodynamic relationship of vancomycin to determine the drug exposure parameters that correlate with the efficacy and nephrotoxicity of vancomycin in patients with methicillin-resistant Staphylococcus aureus pneumonia and evaluated the need to use peak concentration in therapeutic drug monitoring (TDM). | Infection control rate was 31% in retention and 59% in the removal group after initial surgical treatment, and 81% and 91% at latest followup, respectively. Treatment duration was shorter in the retention group and there was no difference in number of additional surgeries and length of hospital stay. Type of treatment (retention versus removal) was the only factor associated with infection control; subgroup analysis in the retention group showed Staphylococcus aureus infection and polyethylene nonexchange as contributing factors for failure of infection control.","Maybe

The provided abstracts do not directly address whether Panton-Valentine leucocidin (PVL) is associated with the pathogenesis of Staphylococcus aureus bacteraemia in the UK. The first abstract"
58,Aromatase inhibitor-related musculoskeletal symptoms: is preventing osteoporosis the key to eliminating these symptoms?,yes,maybe,False,,"Aromatase inhibitors (AIs) are an effective treatment for postmenopausal women with hormone receptor-positive breast cancer. However, patients receiving AIs report a higher incidence of musculoskeletal symptoms and bone fractures; the mechanism and risk factors for this correlation are not well studied. The aim of this study was to correlate these musculoskeletal symptoms and bone fractures in patients receiving AIs with bone mineral density (BMD), previous tamoxifen use, and administration of calcium/bisphosphonate (Ca/Bis). | Staging laparoscopy (SL) is not regularly performed for patients with hepatocellular carcinoma (HCC). It may change treatment strategy, preventing unnecessary open exploration. An additional advantage of SL is possible biopsy of the nontumorous liver to assess fibrosis/cirrhosis. This study aimed to determine whether SL for patients with HCC still is useful. | The frequency of ""missed opportunities"" for influenza vaccination in office-based settings was significantly higher among racial and ethnic minorities than non-Hispanic whites. Eliminating these ""missed opportunities"" could have cut racial and ethnic disparities in influenza vaccination by roughly one half.","Maybe

The provided context does not directly address whether preventing osteoporosis is the key to eliminating aromatase inhibitor-related musculoskeletal symptoms. While it mentions that patients receiving AIs report a higher incidence of musculoskeletal symptoms and bone fractures,"
59,Do communication disorders extend to musical messages?,yes,maybe,False,,"Effective musical communication requires conveyance of the intended message in a manner perceptible to the receiver. Communication disorders that impair transmitting or decoding of structural features of music (e.g., pitch, timbre) and/or symbolic representation may result in atypical musical communication, which can have a negative impact on music therapy interventions. | Participants listened to recorded musical excerpts conveying emotions or movements and matched them with labels. Measures relevant to auditory and/or language function were also gathered. | Responses were obtained from 1030 people, reflecting the sociodemographic mix of the UK population. Participants valued interventions preventing hospital-acquired infections (1.31) more highly than genetic disorders (1.0), although drug errors were valued similarly to genetic disorders (1.07), and interventions to prevent injury to health care staff were given less weight than genetic disorders (0.71). Less weight was also given to interventions related to lifestyle (0.65) and sports injuries (0.41).","Maybe

The provided context discusses communication disorders affecting the transmission or decoding of musical elements such as pitch and timbre, but it does not explicitly state whether these disorders extend to all types of musical messages. The context focuses specifically on structural features and symbolic representation"
60,Screening History Among Women with Invasive Cervical Cancer in an Academic Medical Center: Will We Miss Cancers Following Updated Guidelines?,no,maybe,False,,"Updated guidelines for the screening and management of cervical cancer in the United States recommend starting Papanicolaou (Pap) testing at age 21 and screening less frequently with less aggressive management for abnormalities. We sought to examine updated Pap test screening guidelines and how they may affect the detection of invasive cervical cancer, especially among women<30 years of age. | Patients diagnosed at Brigham and Women's Hospital with invasive cervical cancer between 2002 and 2012 were retrospectively identified. Prior screening history was obtained and patients were divided into two groups based on age<30 years or age ≥30 years. The two groups were then compared with respect to demographics, pathological findings, and time to diagnosis. | A total of 288 patients with invasive cervical carcinoma were identified. Among these patients, 109 had adequate information on prior screening history. Invasive adenocarcinoma (IAC) was diagnosed in 37 (33.94%) patients, whereas 64 (58.72%) patients were diagnosed with invasive squamous cell carcinoma (ISCC). The remaining eight patients were diagnosed with other types of cancers of the cervix. A total of 13 patients were younger than 30 while 96 patients were 30 or older. The mean time from normal Pap to diagnosis of IAC was 15 months in patients younger than 30 years of age compared to 56 months in patients aged 30 and older (p < 0.001). The mean time from normal Pap to diagnosis of ISCC was 38 months in patients younger than 30 years of age and 82 months in patients aged 30 and older (p = 0.018).","Maybe

The provided abstracts do not directly address whether updated cervical cancer screening guidelines would lead to missing more cancers among women under 30. Abstract 1 discusses updated guidelines but does not compare their impact on cancer detection. Abstract 2 focuses on"
61,Can homemade alcohol (Raksi) be useful for preserving dead bodies?,yes,yes,True,,"The Raksi used in this experiment contained 34% of alcohol, which was determined by an alcohol hydrometer. Experiment clearly demonstrated from its result that raksi can be utilised temporarily for embalming since it contains alcohol and has preservative, bactericidal and disinfectant properties. | The apparent favorable effect of alcohol on the risk of acute myocardial infarction (MI) may be related to its hypoinsulinemic effect when consumed with meals. We studied how the timing of alcohol consumption in relation to meals might affect the risk of MI in a population with relatively high regular alcohol consumption. | Multislice helical computed tomography (CT), which can provide detailed 2-D and 3-D reconstructed images, is useful in imaging diagnosis for dental implant treatment. Therefore, in this study, it was performed to clarify the mandibular depiction of double-oblique reconstructed images when changing their thickness.","yes

The context states that the Raksi used in the experiment contained 34% alcohol, which demonstrated that raksi can be utilized temporarily for embalming due to its preservative, bactericidal, and disinfectant properties. This"
62,The nurse cystoscopist: a feasible option?,yes,maybe,False,,"To compare the accuracy achieved by a trained urology nurse practitioner (UNP) and consultant urologist in detecting bladder tumours during flexible cystoscopy. | To determine whether there are differences between blood pressure (BP) measured by the nurse (NBP), BP measured by the physician (PBP) and self-measured BP in treated hypertensive patients and, if found, to evaluate their clinical importance. | Treatment of HBeAg-negative chronic hepatitis B (CHB) with nucleos(t)ide analogues (NA) is usually indefinite, since the loss of HBsAg, as a criterion for its discontinuation, is a rare event. Recent evidence suggests that discontinuing NA therapy may be feasible in selected patients.","Maybe

The provided abstracts do not directly address the feasibility of a nurse cystoscopist. They focus on comparing the accuracy of a nurse practitioner and a consultant urologist in detecting bladder tumors during flexible cystoscopy. While this information"
63,Is HIV/STD control in Jamaica making a difference?,yes,maybe,False,,"To assess the impact of the comprehensive HIV/STD Control Program established in Jamaica since the late 1980s on the HIV/AIDS epidemic. | Likelihood of making an active trip among the lowest income group appeared unaffected by physical environmental deprivation; 15.4% of their non-recreational trips were active in both the least and most environmentally-deprived areas. The income-related gradient in making active trips remained steep in the least environmentally-deprived areas because those in the highest income groups were markedly less likely to choose active travel when physical environment was 'good', compared to those on the lowest incomes (OR = 0.44, 95% CI = 0.22 to 0.89). | The purpose of this study is to measure the accuracy and reliability of normally sighted, visually impaired, and blind pedestrians at making street crossing decisions using visual and/or auditory information.","Maybe

The provided abstracts do not directly address the impact of the HIV/STD Control Program in Jamaica. Abstract 1 discusses the program's impact on the HIV/AIDS epidemic, but it does not provide specific data or evidence regarding its effectiveness. Abstract"
64,Does sex affect the outcome of laparoscopic cholecystectomy?,yes,yes,True,,"The aim of our study was to determine the effect of sex on the outcome of laparoscopic cholecystectomy in terms of operative time, conversion to open cholecystectomy, postoperative complications and mean hospital stay. | In this prospective non randomized observational cohort study we have evaluated the influence of age on outcome of laparoscopic total fundoplication for GERD. | The temporal pattern of the biologic mechanism linking red blood cell (RBC) storage duration with clinical outcomes is yet unknown. This study investigates how such a temporal pattern can affect the power of randomized controlled trials (RCT) to detect a relevant clinical outcome mediated by the transfusion of stored RBCs.","yes

The context states that the aim of their study was to ""determine the effect of sex on the outcome of laparoscopic cholecystectomy."" This directly indicates that sex does affect the outcome of laparoscopic cholecystectomy."
65,Has the use of complementary and alternative medicine therapies by U.S. adults with chronic disease-related functional limitations changed from 2002 to 2007?,yes,yes,True,,"This study examined changes in the use of complementary and alternative medicine (CAM) therapies by U.S. adults aged 18 years or older with chronic disease-related functional limitations between 2002 and 2007. | Data were obtained from the 2002 and 2007 U.S. National Health Interview Survey to compare the use of 22 CAM therapies (n=9313 and n=7014, respectively). Estimates were age adjusted to the year 2000 U.S. standard population. | The unadjusted and age-standardized prevalence of overall CAM use (22 therapies comparable between both survey years) was higher in 2007 than in 2002 (30.6% versus 26.9%, p<0.001 and 34.4% versus 30.6%, p<0.001, respectively). Adults with functional limitations that included changing and maintaining body position experienced a significant increase in CAM use between 2002 and 2007 (31.1%-35.0%, p<0.01). The use of deep breathing exercises was the most prevalent CAM therapy in both 2002 and 2007 and increased significantly during this period (from 17.9% to 19.9%, p<0.05). The use of meditation, massage, and yoga also increased significantly from 2002 and 2007 (11.0%-13.5%, p<0.01; 7.0%-10.9%, p<0.0001; and 5.1% to 6.6%, p<0.05, respectively), while the use of the Atkins diet decreased (2.2%- 1.4%, p<0.01).","Yes

The context provides evidence that the use of complementary and alternative medicine (CAM) therapies by U.S. adults with chronic disease-related functional limitations has changed from 2002 to 2007. Specifically:

1. Overall CAM"
66,Will clinical studies elucidate the connection between the length of storage of transfused red blood cells and clinical outcomes?,no,maybe,False,,"The temporal pattern of the biologic mechanism linking red blood cell (RBC) storage duration with clinical outcomes is yet unknown. This study investigates how such a temporal pattern can affect the power of randomized controlled trials (RCT) to detect a relevant clinical outcome mediated by the transfusion of stored RBCs. | Power of RCTs to unveil a significant association between RBC storage duration and clinical outcomes was critically dependent on a complex interaction among three factors: 1) the way the RBC storage time is categorized in the trial design, 2) the temporal pattern assumed for the RBC storage lesion, and 3) the age distribution of RBCs in the inventory from which they are picked up for transfusion. For most combinations of these factors, the power of RCTs to detect a significant treatment effect was below 80%. All the four simulated RCTs had a very low power to disclose a harmful clinical effect confined to last week of the maximum 42-day shelf life of stored RBCs. | A variable effect of inflammation on alloimmunization to transfused red blood cells (RBCs) in mice has been recently reported. We investigated whether RBC alloimmunization in humans was affected by transfusion of blood products in temporal proximity to experiencing a febrile transfusion reaction (FTR) to platelets (PLTs), an event predominantly mediated by inflammatory cytokines.","Maybe

The provided abstracts suggest that there is still much to be understood about the relationship between the length of storage of transfused red blood cells (RBCs) and clinical outcomes. While some studies indicate that the temporal pattern of this relationship may"
67,May mean platelet volume levels be a predictor in the diagnosis of pelvic inflammatory disease?,yes,maybe,False,,"Our aim in this study was to investigate whether mean platelet volume (MPV) value could be used as an early marker to predict pelvic inflammatory disease (PID). | The lack of any measurable norfentanyl in half of our cases suggests a very rapid death, consistent with acute chest rigidity. An alternate explanation could be a dose-related rapid onset of respiratory arrest. Deaths occurred with low levels of fentanyl in the therapeutic range (1-2 ng/ml) in apparent non-naïve opiate abusers. Acute chest wall rigidity is a well-recognized complication in the medical community but unknown within the drug abuse community. The average abuser of illicit opioids may be unaware of the increasing fentanyl content of their illicit opioid purchase. | Nineteen infants were referred with delayed diagnosis of an ARM over the 7.5 years of the study. Of 44 patients referred to our institution between December 2006 and May 2009, diagnosis of an ARM was delayed more than 24 h in 14 (32%). There was no difference in gender, birth weight, prematurity, type of malformation or presence of associated anomalies between those with timely and delayed diagnosis of their ARM. A significantly greater proportion of those with a delayed diagnosis presented with obstructive symptoms (86% vs. 27%, P<0.001), including abdominal distension (57%) and delayed passage of meconium or stool (29%). Despite undergoing neonatal examination, the diagnosis of ARM was missed in 12 patients overall.","Maybe

The provided context does not contain any information about mean platelet volume (MPV) levels being used as a predictor for pelvic inflammatory disease (PID). The abstracts given focus on different medical conditions and studies, none of which mention MPV"
68,MR Diagnosis of Bone Metastases at 1.5 T and 3 T: Can STIR Imaging Be Omitted?,yes,maybe,False,,"86 patients fulfilled the inclusion criteria. The total number of metastases was significantly higher on T1w than on STIR images at both field strengths (p<0.05). T1w revealed a sensitivity of 99.72% (3 T) and 100.00% (1.5 T) versus STIR with 70.99 % (3 T) and 79.34 % (1.5 T). In 53% (38/72) of all patients, STIR detected fewer bone metastases in comparison with T1w at 3 T. At 1.5 T, STIR showed inferior results in 37.5 % (18/48) of all patients. Qualitative analysis indicated a significantly better lesion conspicuity, lesion delineation and an improved image quality on T1w compared to STIR imaging at both field strengths (p<0.05) with similar results for T1w at 1.5 T and 3 T, but inferior results for STIR especially at 3 T. | To date, no prospective comparative study of the diagnostic value of STIR versus T1-weighted (T1w) sequences at both 1.5 T and 3 T has been performed with special focus on the detectability of bone metastases. | 212 oncological patients had a whole-body MRI at 1.5 T and/or at 3 T. The standard protocol comprised STIR and T1w sequences. All patients who showed typical signs of bone metastases were included in the study. Evaluation of the images was performed by the calculation of the number of metastases by three independent readers and by visual assessment on a 4-point scale.","Maybe

Based solely on the information provided in the given abstracts, it is not definitive to conclude whether STIR imaging can be omitted for the diagnosis of bone metastases at 1.5 T and 3 T. The data presented suggests that"
69,Eyelid-parotid metastasis: do we screen for coexisting masses?,yes,maybe,False,,"Current guidelines for the treatment of uncomplicated urinary tract infection (UTI) in women recommend empiric therapy with antibiotics for which local resistance rates do not exceed 10-20%. We hypothesized that resistance rates of Escherichia coli to fluoroquinolones may have surpassed this level in older women in the Israeli community setting. | Minority patients with cancer experience worse control of their pain than do their white counterparts. This disparity may, in part, reflect more miscommunication between minority patients and their physicians. Therefore, we examined whether patient coaching could reduce disparities in pain control in a secondary analysis of a randomized controlled trial. | Do endometrial polyps from pre- and post-menopausal women have similar immunohistochemical expression of oestrogen and progesterone receptors (ER, PR) and markers of cellular proliferation/apoptosis (Ki67 and Bcl-2).","Maybe

The provided abstracts do not discuss eyelid-parotid metastasis or screening for coexisting masses. The topics covered are unrelated to the question asked. The first abstract is about antibiotic resistance in UTIs, the second is about pain control"
70,Is high-sensitivity C-reactive protein associated with carotid atherosclerosis in healthy Koreans?,no,maybe,False,,"There is a positive association between chronic inflammation and the risk of cardiovascular disease, but whether there is an association between C-reactive protein (CRP) and carotid atherosclerosis is controversial. We investigated the relationship between high-sensitivity CRP (hsCRP) levels and carotid intima-media thickness (IMT) in healthy Koreans. | An observational study was performed in 215 subjects with type 1 diabetes treated with multiple insulin injection therapy. Atherosclerosis was assessed by measurement of carotid intima-media thickness (CIMT). | Extracranial internal carotid artery stenosis is a risk factor for perioperative stroke in patients undergoing coronary artery bypass surgery (CAB). Although selective and non-selective methods of preoperative carotid screening have been advocated, it remains unclear if this screening is clinically relevant.AIM: To test whether selective carotid screening is as effective as non-selective screening in detecting significant carotid disease.","Based solely on the information given in the provided context, the answer is:

Maybe

The context mentions that there is a positive association between chronic inflammation and the risk of cardiovascular disease, and specifically discusses the relationship between high-sensitivity C-reactive protein ("
71,Women with synchronous primary cancers of the endometrium and ovary: do they have Lynch syndrome?,maybe,maybe,True,,"Lynch syndrome (hereditary nonpolyposis colorectal cancer; HNPCC) is an autosomal-dominant cancer predisposition syndrome that increases risk for multiple cancers, including colon, endometrial, and ovarian cancer. Revised Bethesda Criteria recommend that patients with two HNPCC-associated cancers undergo molecular evaluation to determine whether they have a mismatch repair (MMR) defect associated with HNPCC. The purpose of our study was to determine the likelihood of MMR defects (MSH2, MSH6, MLH1) in women with synchronous endometrial and ovarian cancer. | Do endometrial polyps from pre- and post-menopausal women have similar immunohistochemical expression of oestrogen and progesterone receptors (ER, PR) and markers of cellular proliferation/apoptosis (Ki67 and Bcl-2). | Current guidelines for the treatment of uncomplicated urinary tract infection (UTI) in women recommend empiric therapy with antibiotics for which local resistance rates do not exceed 10-20%. We hypothesized that resistance rates of Escherichia coli to fluoroquinolones may have surpassed this level in older women in the Israeli community setting.","Maybe

Based on the provided context, we cannot definitively say whether women with synchronous primary cancers of the endometrium and ovary have Lynch syndrome. The context mentions that patients with two HNPCC-associated cancers should undergo molecular evaluation to determine if"
72,Is cholecystectomy really an indication for concomitant splenectomy in mild hereditary spherocytosis?,no,maybe,False,,"Children referred with symptomatic gallstones complicating HS between April 1999 and April 2009 were prospectively identified and reviewed retrospectively. During this period, the policy was to undertake concomitant splenectomy only if indicated for haematological reasons and not simply because of planned cholecystectomy. | We have previously reported the feasibility of diagnostic and therapeutic peritoneoscopy including liver biopsy, gastrojejunostomy, and tubal ligation by an oral transgastric approach. We present results of per-oral transgastric splenectomy in a porcine model. The goal of this study was to determine the technical feasibility of per-oral transgastric splenectomy using a flexible endoscope. | To understand which genes are really involved in the implantation process, we planned to study the gene basal expression profile during the window of implantation (WOI) of patients who became pregnant in a subsequent ICSI cycle.","Maybe

The given context does not provide a clear indication whether cholecystectomy is an indication for concomitant splenectomy in mild hereditary spherocytosis. It mentions that children with symptomatic gallstones complicating hemolytic"
73,Comparing femoral version after intramedullary nailing performed by trauma-trained and non-trauma trained surgeons: is there a difference?,no,maybe,False,,"As with some procedures, trauma fellowship training and greater surgeon experience may result in better outcomes following intramedullary nailing (IMN) of diaphyseal femur fractures. However, surgeons with such training and experience may not always be available to all patients. The purpose of this study is to determine whether trauma training affects the post-operative difference in femoral version (DFV) following IMN. | Prospective computer-generated randomization of 206 patients into two study groups: those treated by sliding compression hip screw (Group 1; n = 106) and those treated by intramedullary nailing (Group 2; n = 100). | Overall, 80.3% (288/355) of all fractures were fixed by trauma-trained surgeons. The mean post-operative DFV was 8.7° in these patients, compared to 10.7° in those treated by surgeons of other subspecialties. This difference was not statistically significant when accounting for other factors in a multivariate model (p>0.05). The same statistical trend was true when analyzing outcomes of only the more severe Winquist type III and IV fractures. Additionally, surgeon experience was not significantly predictive of post-operative version for either trauma or non-trauma surgeons (p>0.05 for both).","Maybe

The information provided in the abstracts does not definitively state that there is a difference in femoral version (DFV) between patients who underwent intramedullary nailing (IMN) by trauma-trained surgeons versus those by non-tra"
74,Can dobutamine stress echocardiography induce cardiac troponin elevation?,no,maybe,False,,"Elevation of cardiac troponin (cTn) is considered specific for myocardial damage. Elevated cTn and echocardiogrpahic documentation of wall motion abnormalities (WMAs) that were recorded after extreme physical effort raise the question whether dobutamine stress echo (DSE), can also induce elevation of troponin. | The purpose of this study was to evaluate the value of elevated cardiac troponin I (cTnI) for prediction of complicated clinical course and in-hospital mortality in patients with confirmed acute pulmonary embolism (PE). | Hereditary transthyretin (ATTR) amyloidosis with increased left ventricular wall thickness could easily be misdiagnosed by echocardiography as hypertrophic cardiomyopathy (HCM). Our aim was to create a diagnostic tool based on echocardiography and ECG that could optimise identification of ATTR amyloidosis.","Maybe

The provided context does not explicitly state whether dobutamine stress echocardiography (DSE) can induce cardiac troponin elevation. It mentions that elevated cardiac troponin and echocardiographic wall motion abnormalities after extreme physical effort"
75,Pharmacologic regimens for knee osteoarthritis prevention: can they be cost-effective?,yes,maybe,False,,"We sought to determine the target populations and drug efficacy, toxicity, cost, and initiation age thresholds under which a pharmacologic regimen for knee osteoarthritis (OA) prevention could be cost-effective. | Unicompartmental replacement can be an alternative to tibial osteotomy in younger, active patients with unicompartmental knee disease. In unicompartmental replacement, the other compartments and knee ligaments are largely untouched. Therefore, it was hypothesized that the knee kinematics after unicompartmental replacement may also be unchanged. To test this hypothesis, knee kinematics and quadriceps tension were recorded before and after replacement with a unicompartmental design and then with a tricompartmental design. | AEA can be conceptualized as a personalized, ritualized, and symbolic biopsychosocial drama. It seems to be a reenactment of intense emotional feeling-states involving an identification and sadomasochistic relationship with a female figure. Inept AEA practitioners can miscalculate the peril of the situation that they have contrived and for numerous reasons lose their gamble with death.","Maybe

The given context does not provide specific information about the cost-effectiveness of pharmacologic regimens for knee osteoarthritis prevention. The abstract mentions that researchers sought to determine if such a regimen could be cost-effective, but it does not present"
76,Does short-term treatment with proton pump inhibitors cause rebound aggravation of symptoms?,no,yes,False,,"Rebound acid hypersecretion might occur after treatment with proton pump inhibitors. This study looks for a rebound aggravation of symptoms after short-term treatment with lansoprazole.STUDY: Sixty-two patients (19 men and 43 women; mean age, 54 years; range, 32-77 years) with heartburn and regurgitation and normal upper endoscopy findings were studied in a randomized, double-blind, placebo-controlled trial with a crossover design. There were two 5-day treatment periods with lansoprazole 60 mg once daily or placebo in random order, separated by a 9-day washout period. Reflux, total, and antacid scores were calculated for each of the treatment periods. Higher scores during the placebo period in the group given lansoprazole first than in the group given placebo first indicated a rebound aggravation of symptoms. | The percentage of the total yearly prescriptions for nonsteroidal anti-inflammatory drugs (NSAIDs), antihistamines, and acid-relief medications that consisted of focus-COX-2 NSAIDs, nonsedating antihistamines, and proton pump inhibitors (PPIs), respectively. | Mechanically ventilated patients experience profound stress. Interventions are needed to ameliorate stress that does not cause adverse effects. The purpose of this study was to explore the influence of music on stress in a sample of patients over the duration of ventilatory support.RESEARCH METHODOLOGY/","Yes

The context provides evidence that short-term treatment with lansoprazole (a proton pump inhibitor) can cause rebound aggravation of symptoms. Specifically, it mentions that ""Higher scores during the placebo period in the group given lansopraz"
77,Fragility of the esophageal mucosa: a pathognomonic endoscopic sign of primary eosinophilic esophagitis?,yes,maybe,False,,"Primary eosinophilic esophagitis, a chronic inflammatory disorder of the esophagus, evokes recurrent dysphagia. Endoscopy is often unremarkable, and no consensus exists regarding management of resultant dysphagia. The response of a series of patients with primary eosinophilic esophagitis to dilation is reported together with a description of a possibly pathognomonic sign: fragile esophageal mucosa, for which the term ""crêpe-paper"" mucosa is introduced. | There were 7 type I Hawkins fractures, 11 type II, and 4 type III and 1 type IV. Four cases developed avascular necrosis (2 Hawkins type II and 2 type III). Hawkins sign was observed in 12 cases, of which none developed necrosis. Four cases with negative Hawkins sign developed necrosis. No statistically significant differences were found when comparing the development of avascular necrosis with the displacement of the fracture, soft tissue injury, or delay in treatment. Differences were found when comparing the development of avascular necrosis with the Hawkins sign (P=.03). | Endoscopic splenectomy was performed on six pigs. There were no complications during gastric incision and entrance into the peritoneal cavity. Visualization of the spleen and other intraperitoneal organs was very good. Ligation of the splenic vessels and mobilization of the spleen were achieved using commercially available devices and endoscopic accessories.","Maybe

The provided context discusses primary eosinophilic esophagitis and mentions that there is a ""possibly pathognomonic sign"" described as ""fragile esophageal mucosa,"" also referred to as ""crêpe-paper"""
78,Does preoperative anemia adversely affect colon and rectal surgery outcomes?,yes,maybe,False,,"The main treatment for rectal carcinoma is surgery. Preoperative chemoradiation (CRT) is advocated to reduce local recurrence and improve resection of mid and low tethered rectal tumors. | Complications associated with blood transfusions have resulted in widespread acceptance of low hematocrit levels in surgical patients. However, preoperative anemia seems to be a risk factor for adverse postoperative outcomes in certain surgical patients. This study investigated the National Surgical Quality Improvement Program (NSQIP) database to determine if preoperative anemia in patients undergoing open and laparoscopic colectomies is an independent predictor for an adverse composite outcome (CO) consisting of myocardial infarction, stroke, progressive renal insufficiency or death within 30 days of operation, or for an increased hospital length of stay (LOS). | We evaluated the diagnostic accuracy of LUS in comparison with preoperative staging and laparoscopy in 33 patients with colorectal cancer. Preoperative staging included abdominal US, CT, and endoscopic US (for rectal cancer). Laparoscopy and LUS were performed in all cases. Pre- and intraoperative staging were related to definitive histology. Staging was done according to the TNM classification.","Maybe

The provided abstracts do not directly address whether preoperative anemia specifically affects outcomes in colon and rectal surgeries. Abstract 1 discusses preoperative chemoradiation for rectal carcinoma but does not mention anemia. Abstract 2 focuses"
79,Prompting Primary Care Providers about Increased Patient Risk As a Result of Family History: Does It Work?,no,maybe,False,,"Electronic health records have the potential to facilitate family history use by primary care physicians (PCPs) to provide personalized care. The objective of this study was to determine whether automated, at-the-visit tailored prompts about family history risk change PCP behavior. | Automated, tailored prompts highlighting familial risk for heart disease, stroke, diabetes, and breast, colorectal, or ovarian cancer were implemented during 2011 to 2012. Medical records of a cohort of community-based primary care patients, aged 35 to 65 years, who previously participated in our Family Healthware study and had a moderate or strong familial risk for any of the 6 diseases were subsequently reviewed. The main outcome measures were PCP response to the prompts, adding family history risk to problem summary lists, and patient screening status for each disease. | There is increasing pressure on mental health providers to reduce the duration of treatments, while retaining level of quality and effectiveness. The risk is that the population is underserved and therefore needs new treatment episodes. The primary aim of this study was to investigate whether duration of treatment and return into mental health care were related.","Maybe

The provided abstracts do not explicitly state whether prompting primary care providers about increased patient risk as a result of family history works. They describe studies that tested the impact of automated, tailored prompts on PCPs' behavior regarding family history, but they"
80,Do elderly patients benefit from surgery in addition to radiotherapy for treatment of metastatic spinal cord compression?,no,maybe,False,,"Treatment of elderly cancer patients has gained importance. One question regarding the treatment of metastatic spinal cord compression (MSCC) is whether elderly patients benefit from surgery in addition to radiotherapy? In attempting to answer this question, we performed a matched-pair analysis comparing surgery followed by radiotherapy to radiotherapy alone. | To report the outcomes of surgical treatment of lower limb fractures in patients with chronic spinal cord injuries. | There is no currently consensus regarding the management of lower limb fractures in patients with chronic spinal cord injuries, but the trend has been conservative treatment due to the high rate of complications in surgical treatment.","Maybe

The provided context discusses a study that compared surgery followed by radiotherapy to radiotherapy alone in elderly patients with metastatic spinal cord compression. However, it does not provide definitive evidence on whether elderly patients benefit from surgery in addition to radiotherapy."
81,Fatigue in primary Sjögren's syndrome: is there a link with the fibromyalgia syndrome?,no,maybe,False,,"To determine whether fibromyalgia (FM) is more common in patients with primary Sjögren's syndrome (pSS) who complain of fatigue. The association and prevalence of fatigue and FM was recorded in a group of patients with pSS and a control group of lupus patients, a subset of whom had secondary Sjögren's syndrome (sSS). | An observational, cross-sectional study of the myoelectric onset of muscle fatigue in the left tibialis anterior muscles. | We report findings on the link between symptoms of somatization (assessed using the SCL-90-R) and depression 5 years later (assessed using the CES-D) in an initially healthy cohort of community adults, based on prospective data from the RENO Diet-Heart Study.","Based solely on the information given in the provided abstracts, the answer is:

Maybe

The context mentions that there is a study looking at whether fibromyalgia (FM) is more common in patients with primary Sjögren's syndrome ("
82,Inhibin: a new circulating marker of hydatidiform mole?,yes,maybe,False,,"To define the concentrations of inhibin in serum and tissue of patients with hydatidiform mole and assess their value as a clinical marker of the condition. | Prospective study of new patients with hydatidiform mole, comparison of paired observations, and case-control analysis. | To elucidate whether vitamin D supplementation increases Tregs frequency (%Tregs) within circulating CD4+ T cells.","Maybe

The provided abstracts do not explicitly state that inhibin is a new circulating marker for hydatidiform mole. Abstract 1 discusses the concentration of inhibin in serum and tissue of patients with hydatidiform mole, but it does"
83,Is there an intrauterine influence on obesity?,no,maybe,False,,"In literature there are only few data which describe the influence of occupation on the development of rotator cuff disease. | Controlled ovarian stimulation (COS) with intrauterine insemination (IUI) is a common treatment in couples with unexplained non-conception. Induction of multifollicular growth is considered to improve pregnancy outcome, but it contains an increased risk of multiple pregnancies and ovarian hyperstimulation syndrome. In this study the impact of the number of follicles (>14 mm) on the ongoing pregnancy rate (PR) and multiple PR was evaluated in the first four treatment cycles. | There was no demographic difference between women who remained premenopausal and those who entered perimenopause except for age. Vitality deteriorated no matter whether the women stayed in premenopause or entered perimenopause. In multivariate analysis, only vasomotor symptoms had an adverse influence on role limitation of emotion after adjusting for age, education, menopausal status, baseline cognitive score, and Hospital Anxiety and Depression Scale score. The menopausal transition did not influence the eight domains of the Short Form-36 in the multivariate regression model.","Maybe

The provided abstracts do not contain any information about obesity or its potential intrauterine influences. They discuss topics such as occupational effects on rotator cuff disease, controlled ovarian stimulation and its outcomes, and the impact of menopause on various health"
84,Should pulp chamber pulpotomy be seen as a permanent treatment?,no,maybe,False,,"If long-term use of left ventricular assist devices (LVADs) as bridges to transplantation is successful, the issue of permanent device implantation in lieu of transplantation could be addressed through the creation of appropriately designed trials. Our medium-term experience with both pneumatically and electrically powered ThermoCardiosystems LVADs is presented to outline the benefits and limitations of device support in lieu of transplantation. | Celiac disease (CD) is believed to be a permanent intolerance to gluten. A number of patients, however, discontinue the gluten-free diet (GFD) without developing symptoms or signs. The aim of our study was to investigate whether CD patients are capable of developing tolerance to gluten. | The range of injury severity that can be seen within the category of type II supracondylar humerus fractures (SCHFs) raises the question whether some could be treated nonoperatively. However, the clinical difficulty in using this approach lies in determining which type II SCHFs can be managed successfully without a surgical intervention.","Maybe

The provided context does not contain any information about pulp chamber pulpotomy or its permanence. The abstracts given discuss topics such as left ventricular assist devices, celiac disease, and type II supracondylar humerus fractures."
85,"Are normally sighted, visually impaired, and blind pedestrians accurate and reliable at making street crossing decisions?",maybe,maybe,True,,"The purpose of this study is to measure the accuracy and reliability of normally sighted, visually impaired, and blind pedestrians at making street crossing decisions using visual and/or auditory information. | We found that normally sighted and visually impaired pedestrians were accurate and reliable in their street crossing decision-making ability when using either vision plus hearing or vision only (P>0.05). Under the hearing only condition, all subjects were reliable (P>0.05) but inaccurate with their street crossing decisions (P<0.05). Compared to either the normally sighted (P = 0.018) or visually impaired subjects (P = 0.019), blind subjects were the least accurate with their street crossing decisions under the hearing only condition. | Using a 5-point rating scale, safety ratings for vehicular gaps of different durations were measured along a two-lane street of one-way traffic without a traffic signal. Safety ratings were collected from 12 normally sighted, 10 visually impaired, and 10 blind subjects for eight different gap times under three sensory conditions: (1) visual plus auditory information, (2) visual information only, and (3) auditory information only. Accuracy and reliability in street crossing decision-making were calculated for each subject under each sensory condition.","Maybe

Explanation: Based solely on the information provided in the abstracts, we can infer that normally sighted and visually impaired pedestrians are generally accurate and reliable in their street crossing decisions, as indicated by the P>0.05 values in Abstract"
86,Neck pain treatment with acupuncture: does the number of needles matter?,no,maybe,False,,"Acupuncture has been successfully used in myofascial pain syndromes. However, the number of needles used, that is, the dose of acupuncture stimulation, to obtain the best antinociceptive efficacy is still a matter of debate. The question was addressed comparing the clinical efficacy of two different therapeutic schemes, characterized by a different number of needles used on 36 patients between 29-60 years of age with by a painful cervical myofascial syndrome. | Patients were divided into two groups; the first group of 18 patients were treated with 5 needles and the second group of 18 patients were treated with 11 needles, the time of needle stimulation was the same in both groups: 100 seconds. Each group underwent six cycles of somatic acupuncture. Pain intensity was evaluated before, immediately after and 1 and 3 months after the treatment by means of both the Mc Gill Pain Questionnaire and the Visual Analogue Scale (VAS). In both groups, the needles were fixed superficially excluding the two most painful trigger points where they were deeply inserted. | Both groups, independently from the number of needles used, obtained a good therapeutic effect without clinically relevant differences.","Maybe

The provided abstracts suggest that the number of needles used in acupuncture treatment for neck pain can have an impact, but it's not definitively clear whether it matters. 

Abstract 1 indicates that there's ongoing debate about the optimal number of"
87,Do older men benefit from curative therapy of localized prostate cancer?,yes,maybe,False,,"For men with well-differentiated tumors and few comorbidities, potentially curative therapy (RP or EBRT) prolonged LE up to age 75 years but did not improve QALE at any age. For moderately differentiated cancers, potentially curative therapy resulted in LE and QALE gains up to age 75 years. For poorly differentiated disease, potentially curative therapy resulted in LE and QALE gains up to age 80 years. Benefits of potentially curative therapy were restricted to men with no worse than mild comorbidity. When cohort and pooled case series data were used, RP was preferred over EBRT in all groups but was comparable to modern radiotherapy. | Current guidelines for the treatment of uncomplicated urinary tract infection (UTI) in women recommend empiric therapy with antibiotics for which local resistance rates do not exceed 10-20%. We hypothesized that resistance rates of Escherichia coli to fluoroquinolones may have surpassed this level in older women in the Israeli community setting. | Prior decision-analytic models are based on outdated or suboptimal efficacy, patient preference, and comorbidity data. We estimated life expectancy (LE) and quality-adjusted life expectancy (QALE) associated with available treatments for localized prostate cancer in men aged>/= 65 years, adjusting for Gleason score, patient preferences, and comorbidity.","Maybe

The provided context discusses the potential benefits of potentially curative therapy (which includes both radical prostatectomy, RP, and external beam radiation therapy, EBRT) for localized prostate cancer in men. However, it does not explicitly state whether older"
88,Risky sexual behavior among college students With ADHD: is the mother-child relationship protective?,yes,maybe,False,,"This study examined the extent to which ADHD was associated with risky sexual behaviors (RSBs) in a sample of 92 undergraduates with (n = 44) and without (n = 48) ADHD. Mother-child relationship quality was examined as a potential moderator. | Female students with ADHD were least likely to use condoms than males overall and females without ADHD. An interaction between ADHD and mother-child relationship quality accounted for significant variance in the number of past-year sexual partners, such that a high-quality relationship was protective only for students with ADHD. No other significant associations were found between ADHD and RSB. | Students who reported no substance use were least likely to report having had sexual intercourse, having had four or more sex partners, and not having used a condom at last sexual intercourse. Adjusted for age, sex, and race/ethnicity, odds ratios for each of these sexual risk behaviors were greatest among students who had used marijuana, cocaine, or other illicit drugs. Students who had used only alcohol or cigarettes had smaller but still significant increases in the likelihood of having had sexual intercourse and of having had four or more sex partners.","Maybe

The information provided in the abstracts does not definitively state whether the mother-child relationship is protective for risky sexual behaviors in college students with ADHD. 

- Abstract 1 mentions that mother-child relationship quality was examined as a potential moderator, suggesting"
89,"Knee extensor strength, dynamic stability, and functional ambulation: are they related in Parkinson's disease?",yes,yes,True,,"To evaluate the relationship between knee extensor strength, postural stability, functional ambulation, and disease severity in Parkinson's disease (PD). | Knee extensor strength positively correlated with dynamic postural stability and negatively correlated with disease severity. Further, dynamic postural stability was negatively correlated to disease severity and positively correlated with functional ambulation in this cohort of patients with PD (P<.05). The results also suggest that the Functional Reach Test may be a valuable assessment tool to examine postural stability in PD. | Participants were evaluated on their isokinetic knee extensor strength. Additionally, participants completed an assessment of their postural stability (Functional Reach Test for static stability and a dynamic postural stability assessment as measured by the center of pressure-center of mass moment arm during gait initiation). Participants also underwent an evaluation of their functional ambulation as measured by a 6-minute walk test. Lastly, participants were evaluated by a neurologist specially trained in movement disorders to assess neurologic status and disease severity using the Unified Parkinson's Disease Rating Scale and the Hoehn and Yahr disability score.","Yes

Based on the provided context, we can infer that there is a relationship between knee extensor strength, dynamic stability, and functional ambulation in Parkinson's disease (PD). 

From Abstract 1, it states that ""knee extensor"
90,Mitral replacement or repair for functional mitral regurgitation in dilated and ischemic cardiomyopathy: is it really the same?,no,maybe,False,,"This was a study to compare the results of mitral valve (MV) repair and MV replacement for the treatment of functional mitral regurgitation (MR) in advanced dilated and ischemic cardiomyopathy (DCM). | One-hundred and thirty-two patients with severe functional MR and systolic dysfunction (mean ejection fraction 0.32 ± 0.078) underwent mitral surgery in the same time frame. The decision to replace rather than repair the MV was taken when 1 or more echocardiographic predictors of repair failure were identified at the preoperative echocardiogram. Eighty-five patients (64.4%) received MV repair and 47 patients (35.6%) received MV replacement. Preoperative characteristics were comparable between the 2 groups. Only ejection fraction was significantly lower in the MV repair group (0.308 ± 0.077 vs 0.336 ± 0.076, p = 0.04). | Hospital mortality was 2.3% for MV repair and 12.5% for MV replacement (p = 0.03). Actuarial survival at 2.5 years was 92 ± 3.2% for MV repair and 73 ± 7.9% for MV replacement (p = 0.02). At a mean follow-up of 2.3 years (median, 1.6 years), in the MV repair group LVEF significantly increased (from 0.308 ± 0.077 to 0.382 ± 0.095, p<0.0001) and LV dimensions significantly decreased (p = 0.0001). On the other hand, in the MV replacement group LVEF did not significantly change (from 0.336 ± 0.076 to 0.31 ± 0.11, p = 0.56) and the reduction of LV dimensions was not significant. Mitral valve replacement was identified as the only predictor of hospital (odds ratio, 6; 95% confidence interval, 1.1 to 31; p = 0.03) and overall mortality (hazard ratio, 3.1; 95% confidence interval, 1.1 to 8.9; p = 0.02).","Maybe

The information provided in the abstracts suggests that there may be differences between mitral valve repair and replacement for treating functional mitral regurgitation in advanced dilated and ischemic cardiomyopathy, but it does not definitively conclude that they"
91,Does ultrasound-scored synovitis depend on the pharmacokinetics of subcutaneous anti-TNF agents in patients with rheumatoid arthritis?,no,maybe,False,,"The aim of this study was to investigate the influence of the pharmacokinetics of s.c. anti-TNF agents on the grade of US-detected synovitis in RA patients. | Fifty RA patients were prospectively recruited from the Biologic Therapy Unit of our hospital. Inclusion criteria were being in treatment with s.c. anti-TNF agents and having had neither changes in therapy nor local corticosteroid injections in the previous 3 months. Patients underwent clinical, laboratory [28-joint DAS (DAS28) and Simplified Disease Activity Index (SDAI)]and US assessment at two time points, i.e. at peak plasma drug concentration and at trough plasma drug concentration. US assessments were performed blindly to the anti-TNF agent, the administration time and the clinical and laboratory data. Twenty-eight joints were investigated for the presence and grade (0-3) of B-mode synovitis and synovial power Doppler signal. Global indices for B-mode synovitis (BSI) and Doppler synovitis (DSI) were calculated for 12 joints and for wrist-hand-ankle-foot joints. B-mode US remission was defined as a BSI<1 and Doppler US remission as a DSI<1. | To investigate the diagnostic value of a half dose compared with a full dose of gadobenate dimeglumine in the assessment of synovitis or tenosynovitis in the wrist and finger joints in patients with early rheumatoid arthritis (RA) and a disease activity score greater than 3.2.","Maybe

The provided abstracts do not directly address whether ultrasound-scored synovitis depends on the pharmacokinetics of subcutaneous anti-TNF agents in patients with rheumatoid arthritis. Abstract 1 is about investigating the influence of the pharmac"
92,Follow-up of patients with new cardiovascular implantable electronic devices: are experts' recommendations implemented in routine clinical practice?,yes,maybe,False,,"A 2008 expert consensus statement outlined the minimum frequency of follow-up of patients with cardiovascular implantable electronic devices (CIEDs). | Arterial calcification is a significant cardiovascular risk factor in hemodialysis patients. A series of factors are involved in the process of arterial calcification; however, the relationship between malnutrition and arterial calcification is still unclear. | Broad-based electronic health information exchange (HIE), in which patients' clinical data follow them between care delivery settings, is expected to produce large quality gains and cost savings. Although these benefits are assumed to result from reducing redundant care, there is limited supporting empirical evidence.","Maybe

The provided context does not explicitly address whether experts' recommendations for follow-up of patients with cardiovascular implantable electronic devices (CIEDs) are implemented in routine clinical practice. The abstract mentions an expert consensus statement outlining the minimum frequency of follow-up"
93,Is external palliative radiotherapy for gallbladder carcinoma effective?,yes,maybe,False,,"Gallbladder carcinoma is characterized by delayed diagnosis, ineffective treatment and poor prognosis. Surgical resection has been thought to be the treatment of choice, while the role of radiotherapy as adjuvant or palliative treatment has not been fully clarified in the literature. | We present the case of a 45-year-old female, with unresectable gallbladder carcinoma, grade IV, histologically diagnosed during laparotomy. The patient was treated with palliative intent with percutaneous transhepatic biliary drainage. Furthermore, she received external radiotherapy by (60)Co, using a three-field technique (anterior-posterior and right lateral). The total dose was 3,000 cGy in 10 fractions, with 300 cGy per fraction, 5 days weekly. | This study is limited by its retrospective nature and heterogeneous radiotherapy regimes among radiotherapy patients.","Maybe

The information provided in the abstracts does not definitively state whether external palliative radiotherapy for gallbladder carcinoma is effective. Abstract 2 describes one case where a patient with unresectable gallbladder carcinoma received external radiotherapy,"
94,A model of healing of Los Angeles grades C and D reflux oesophagitis: is there an optimal time of acid suppression for maximal healing?,yes,maybe,False,,"In patients with Los Angeles (LA) grade C or D oesophagitis, a positive relationship has been established between the duration of intragastric acid suppression and healing.AIM: To determine whether there is an apparent optimal time of intragastric acid suppression for maximal healing of reflux oesophagitis. | Maximal reflux oesophagitis healing rates were achieved when intragastric pH>4 was achieved for approximately 50-70% (12-17 h) of the 24-h period. Acid suppression above this threshold did not yield further increases in healing rates. | Post hoc analysis of data from a proof-of-concept, double-blind, randomized study of 134 adult patients treated with esomeprazole (10 or 40 mg od for 4 weeks) for LA grade C or D oesophagitis. A curve was fitted to pooled 24-h intragastric pH (day 5) and endoscopically assessed healing (4 weeks) data using piecewise quadratic logistic regression.","Maybe

The provided abstracts suggest that there might be an optimal time for intragastric acid suppression for maximal healing of reflux oesophagitis, but the evidence is not conclusive. 

Abstract 1 indicates a positive relationship between the duration"
95,The effective orifice area/patient aortic annulus area ratio: a better way to compare different bioprostheses?,yes,maybe,False,,"Between August 2000 and September 2002, 139 patients underwent isolated aortic valve replacement (AVR) with the Mosaic (n = 67) or Perimount (n = 72) bioprosthesis. Intraoperatively, the internal aortic annulus diameter was measured by insertion of a gauge (Hegar dilator), while prosthesis size was determined by using the original sizers. Transthoracic echocardiography was performed to determine hemodynamic and dimensional data. As the aim of AVR is to achieve a maximal effective orifice area (EOA) within a given aortic annulus, the ratio of EOA to patient aortic annulus area was calculated, the latter being based on annulus diameter measured intraoperatively. | Operative mortality was 2.2% (Mosaic 3.0%; Perimount 1.4%; p = NS). Upsizing (using a prosthesis larger in labeled valve size than the patient's measured internal aortic annulus diameter) was possible in 28.4% of Mosaic patients and 8.3% of Perimount patients. The postoperative mean systolic pressure gradient ranged from 10.5 to 22.2 mmHg in the Mosaic group, and from 9.4 to 12.6 mmHg in the Perimount group; it was significantly lower for 21 and 23 Perimount valves than for 21 and 23 Mosaic valves. The EOA ranged from 0.78 to 2.37 cm2 in Mosaic patients, and from 0.95 to 2.12 cm2 in Perimount patients. When indexing EOA by calculating the ratio of EOA to patient aortic annulus area to adjust for variables such as patient anatomy and valve dimensions, there was no significant difference between the two bioprostheses. | Between January 2005 and December 2013, 152 patients with pure aortic stenosis, aged at least 75 years, underwent AVR, with a 19 or 21 mm prosthetic heart valve. PPM was defined as an indexed effective orifice area less than 0.85 cm/m. Median age was 82 years (range 75-93 years). Mean follow-up was 56 months (range 1-82 months) and was 98% complete. Late survival rate, New York Heart Association functional class, and QoL (RAND SF-36) were assessed.","Maybe

The information provided in the abstracts does not definitively state whether the effective orifice area/patient aortic annulus area ratio is a better way to compare different bioprostheses. While the ratio is mentioned in Abstract 2"
96,Does ossification of the posterior longitudinal ligament affect the neurological outcome after traumatic cervical cord injury?,no,maybe,False,,"The purpose of this study is to assess whether ossification of the posterior longitudinal ligament (OPLL) affects neurologic outcomes in patients with acute cervical spinal cord injury (SCI). | From 536 patients who were involved in the study, 214 patients had both cervical discopathy and cervical cord plaques. In this group 148 (69.1% of patients) had cervical plaque at the same site of cervical discopathy. The number of patients with cervical cord plaque and discopathy at same site was significantly higher than those with plaque and discopathy at different sites (P<0.05). | Multiple sclerosis (MS) is the most common chronic autoimmune demyelinating disease of the central nervous system. The purpose of this study is to determine the relationship between the site of the cervical discopathy and cervical spinal cord plaque in MS patients.","Maybe

The provided context does not directly address whether ossification of the posterior longitudinal ligament (OPLL) affects neurologic outcomes in patients with acute cervical spinal cord injury (SCI). The first abstract mentions OPLL but does not discuss its impact on"
97,Does sonographic needle guidance affect the clinical outcome of intraarticular injections?,yes,yes,True,,"This randomized controlled study addressed whether sonographic needle guidance affected clinical outcomes of intraarticular (IA) joint injections. | The temporal pattern of the biologic mechanism linking red blood cell (RBC) storage duration with clinical outcomes is yet unknown. This study investigates how such a temporal pattern can affect the power of randomized controlled trials (RCT) to detect a relevant clinical outcome mediated by the transfusion of stored RBCs. | Relative to conventional palpation-guided methods, sonographic guidance resulted in 43.0% reduction in procedural pain (p<0.001), 58.5% reduction in absolute pain scores at the 2 week outcome (p<0.001), 75% reduction in significant pain (VAS pain score>or = 5 cm; p<0.001), 25.6% increase in the responder rate (reduction in VAS score>or = 50% from baseline; p<0.01), and 62.0% reduction in the nonresponder rate (reduction in VAS score<50% from baseline; p<0.01). Sonography also increased detection of effusion by 200% and volume of aspirated fluid by 337%.","yes
The context states that this was a ""randomized controlled study"" addressing whether sonographic needle guidance affects clinical outcomes of intraarticular (IA) joint injections. Therefore, it can be concluded that sonographic needle guidance does indeed affect the clinical"
98,Affect-regulated exercise intensity: does training at an intensity that feels 'good' improve physical health?,yes,maybe,False,,"Affect-regulated exercise to feel 'good' can be used to control exercise intensity amongst both active and sedentary individuals and should support exercise adherence. It is not known, however, whether affect-regulated exercise training can lead to physical health gains. The aim of this study was to examine if affect-regulated exercise to feel 'good' leads to improved fitness over the course of an 8-week training programme. | 20 sedentary females completed a submaximal graded exercise test and were then allocated to either a training group or control group. The training group completed two supervised sessions and one unsupervised session per week for 8 weeks. Exercise intensity was affect-regulated to feel 'good'. Following the 8 weeks of training, both groups completed a second submaximal graded exercise test. | The aim of the present study was to assess the effects of exercise training on heart rate, QT interval, and on the relation between ventricular repolarization and heart rate in men and women.","Maybe

The provided abstracts do not explicitly state whether affect-regulated exercise intensity improves physical health. Abstract 1 mentions that it could potentially lead to physical health gains, but it also states that ""it is not known"" if it does. Abstract"
99,Lloyd-Davies position with Trendelenburg--a disaster waiting to happen?,yes,maybe,False,,"Forty-six patients with advanced primary rectal cancer referred for consideration of adjuvant preoperative therapy underwent position emission tomography scanning. The referring physicians prospectively recorded each patient's stage following conventional imaging and the proposed treatment plan prior to position emission tomography scanning. This was then compared with subsequent stage and actual management implemented, and the appropriateness of position emission tomography-induced changes was noted by subsequent clinical follow-up. | To study the relationship between lunar position and the day of delivery; to investigate the synodic distribution of spontaneous deliveries, especially in relation to the presence of a full moon. | The surgical management of 36 of 46 patients (78 percent) was unchanged as a result of position emission tomography, even though position emission tomography upstaged disease in 3 of 36 cases (8 percent) and downstaged disease in 5 of 36 cases (14 percent). In 8 of 46 cases (17 percent), management was altered because of the position emission tomography scan findings, including 6 cases (13 percent) in which surgery was cancelled and 2 other cases (4 percent) in which the radiotherapy field was changed. Where available, follow-up confirmed the appropriateness of position emission tomography-induced management change in each case. Two patients had a change in therapy independent of the position emission tomography scan due to clinical circumstances. Overall tumor stage was changed following position emission tomography in 18 of 46 patients (39 percent).","Maybe

The provided context does not contain any information about Lloyd-Davies position, Trendelenburg position, or any disasters related to these positions. The context is focused on the use of position emission tomography (PET) scans in diagnosing and"
100,Does nuchal translucency thickness in the first trimester predict GDM onset during pregnancy?,no,maybe,False,,"This study was planned to evaluate whether increased nuchal translucency (NT) thickness in the first trimester of gestation can be related to onset of gestational diabetes mellitus (GDM) during pregnancy. | From January 2006 to August 2008, a group of 678 singleton pregnancies who had developed GDM has been selected as a study group among a total of 3966 pregnant women who had undergone first trimester screening for aneuploidies at 11-14 weeks of gestation. A group of 420 single pregnant women with physiological pregnancy were enrolled as control group. Both fetal structural and karyotype's anomalies were excluded in the two groups. NT was mesured by a Fetal Medicine Foundation certificated operator; GDM was diagnosed at 24-28 weeks of gestation following Carpenter and Coustan criteria. In the analyses of continuos variables, study and control group were compared by Student's t-test and Anova test. | Some pediatric patients, typically those that are very young or felt to be especially sick are temporarily admitted to the intensive care unit (ICU) for observation during their first transfusion. If a significant reaction that requires ICU management does not occur, these patients are then transferred to a regular ward where future blood products are administered. The aim of this project was to determine if heightened observation such as temporary ICU admissions for the first transfusion are warranted.","Maybe

The provided context contains information from multiple studies, but it does not directly address whether nuchal translucency (NT) thickness in the first trimester predicts gestational diabetes mellitus (GDM) onset during pregnancy. 

- Abstract"
101,CPAP therapy in patients with idiopathic pulmonary fibrosis and obstructive sleep apnea: does it offer a better quality of life and sleep?,maybe,maybe,True,,"The recent literature shows an increased incidence of obstructive sleep apnea (OSA) in patients with idiopathic pulmonary fibrosis (IPF). On the other hand, there are no published studies related to continuous positive airway pressure (CPAP) treatment in this patient group. Our aim was to assess the effect of CPAP on sleep and overall life quality parameters in IPF patients with OSA and to recognize and overcome possible difficulties in CPAP initiation and acceptance by these patients. | Twelve patients (ten males and two females, age 67.1 ± 7.2 years) with newly diagnosed IPF and moderate to severe OSA, confirmed by overnight attended polysomnography, were included. Therapy with CPAP was initiated after a formal in-lab CPAP titration study. The patients completed the Epworth Sleepiness Scale (ESS), the Pittsburgh Sleep Quality Index (PSQI), the Functional Outcomes in Sleep Questionnaire (FOSQ), the Fatigue Severity Scale (FSS), the SF-36 quality of life questionnaire, and the Beck Depression Inventory (BDI) at CPAP initiation and after 1, 3, and 6 months of effective CPAP therapy. | Both medical therapy and laparoscopic antireflux surgery have been shown to improve quality of life in gastro-oesophageal reflux disease. Although patients with poor symptom control or side effects on medical therapy might be expected to have improved quality of life after surgery, our aim was to determine, for the first time, whether patients whose symptoms are well controlled on medical therapy but who decide to undergo surgery (patient preference) would experience improved quality of life.","Maybe

The provided abstracts do not directly address the specific question about whether CPAP therapy offers a better quality of life and sleep specifically for patients with idiopathic pulmonary fibrosis and obstructive sleep apnea. 

Abstract 1 mentions that there is"
102,Undescended testes: does age at orchiopexy affect survival of the testis?,no,maybe,False,,"The optimal age at which to perform orchiopexy for cryptorchidism has long been debated. The aim of this study was to determine if age at orchiopexy affected testicular atrophy. | A retrospective review of patients undergoing orchiopexy from 2000 to 2010 was conducted. An individual testis, rather than patient, was used as the dependent variable. A total of 349 testicles from 1126 charts (ICD-9=752.51) were identified. Primary study outcome was testicular survival without atrophy. | To evaluate the accuracy of ultrasonographic examination in boys with an undescended testis.","Maybe

The provided abstracts do not directly address whether age at orchiopexy affects the survival of the testis in cases of undescended testes. Abstract 1 mentions that there is debate about the optimal age for orchiop"
103,Does the Child Health Computing System adequately identify children with cerebral palsy?,no,maybe,False,,This paper assesses the usefulness of the Child Health Computing System as a source of information about children with cerebral palsy. | A comparative survey of information held on the Child Health Computing System (CHCS) and the Northern Ireland Cerebral Palsy Register (NICPR) in one Health and Social Services Board in Northern Ireland was carried out. The sample comprised children with cerebral palsy aged 5-9 years. | Health services often spend more on safety interventions than seems cost-effective. This study investigates whether the public value safety-related health care improvements more highly than the same improvements in contexts where the health care system is not responsible.,"Maybe

The context provided does not give a clear answer to whether the Child Health Computing System (CHCS) adequately identifies children with cerebral palsy. Abstract 1 discusses the usefulness of CHCS as a source of information about children with cerebral palsy"
104,Pertrochanteric fractures: is there an advantage to an intramedullary nail?,no,maybe,False,,"To compare the results between a sliding compression hip screw and an intramedullary nail in the treatment of pertrochanteric fractures. | Staging laparoscopy (SL) is not regularly performed for patients with hepatocellular carcinoma (HCC). It may change treatment strategy, preventing unnecessary open exploration. An additional advantage of SL is possible biopsy of the nontumorous liver to assess fibrosis/cirrhosis. This study aimed to determine whether SL for patients with HCC still is useful. | Treatment with a sliding compression hip screw (Dynamic Hip Screw; Synthes-Stratec, Oberdorf, Switzerland) or an intramedullary nail (Proximal Femoral Nail; Synthes-Stratec, Oberdorf, Switzerland).","Maybe

The provided context does not explicitly state whether there is an advantage to using an intramedullary nail over a sliding compression hip screw for treating pertrochanteric fractures. The abstracts do not provide direct comparisons or advantages of one method"
105,Can dose reduction to one parotid gland prevent xerostomia?,yes,maybe,False,,"Subjective toxicity to the parotid glands was assessed with the help of a questionnaire at 0, 3 and 6 months and objective toxicity was assessed with parotid scintigraphy at 0 and 3 months. The mean dose to the ipsilateral parotid gland ranged from 19.5 to 52.8 Gy (mean 33.14 Gy) and the mean dose to the contralateral gland was 11.1-46.6 Gy (mean 26.85 Gy). At a median follow-up of 13 months, 9/19 patients had no symptoms of dryness of the mouth (grade I), 8/19 had mild dryness of the mouth (grade II) and only 2/19 had grade III xerostomia, although the parotid gland could only be spared on one side in most of the patients. | To report three cases illustrating that it is not unusual for a primary eyelid tumour to metastasise to the parotid gland and vice versa. | Two patients with malignant parotid tumours underwent radical parotidectomy and presented subsequently with eyelid lesions. Biopsy showed that both eyelid lesions were histologically similar to the primary parotid tumour. A third patient was noted to have ipsilateral upper eyelid and parotid gland tumours. Histology and immunocytochemistry were used to differentiate the primary tumour and the metastasis.","Maybe

The provided context does not directly address whether dose reduction to one parotid gland can prevent xerostomia. It describes a study assessing subjective and objective toxicity to parotid glands after radiotherapy, but does not provide specific information"
106,Application of computer-aided diagnosis (CAD) in MR-mammography (MRM): do we really need whole lesion time curve distribution analysis?,no,maybe,False,,"The identification of the most suspect enhancing part of a lesion is regarded as a major diagnostic criterion in dynamic magnetic resonance mammography. Computer-aided diagnosis (CAD) software allows the semi-automatic analysis of the kinetic characteristics of complete enhancing lesions, providing additional information about lesion vasculature. The diagnostic value of this information has not yet been quantified. | To understand which genes are really involved in the implantation process, we planned to study the gene basal expression profile during the window of implantation (WOI) of patients who became pregnant in a subsequent ICSI cycle. | Consecutive patients from routine diagnostic studies (1.5 T, 0.1 mmol gadopentetate dimeglumine, dynamic gradient-echo sequences at 1-minute intervals) were analyzed prospectively using CAD. Dynamic sequences were processed and reduced to a parametric map. Curve types were classified by initial signal increase (not significant, intermediate, and strong) and the delayed time course of signal intensity (continuous, plateau, and washout). Lesion enhancement was measured using CAD. The most suspect curve, the curve-type distribution percentage, and combined dynamic data were compared. Statistical analysis included logistic regression analysis and receiver-operating characteristic analysis.","Maybe

Based on the provided context, the application of computer-aided diagnosis (CAD) in Magnetic Resonance Mammography (MRM) involves analyzing the kinetic characteristics of complete enhancing lesions. This includes identifying the most suspect enhancing part of"
107,Patient comprehension of emergency department care and instructions: are patients aware of when they do not understand?,no,maybe,False,,"To be able to adhere to discharge instructions after a visit to the emergency department (ED), patients should understand both the care that they received and their discharge instructions. The objective of this study is to assess, at discharge, patients' comprehension of their ED care and instructions and their awareness of deficiencies in their comprehension. | Seventy-eight percent of patients demonstrated deficient comprehension (less than complete concordance) in at least 1 domain; 51% of patients, in 2 or more domains. Greater than a third of these deficiencies (34%) involved patients' understanding of post-ED care, whereas only 15% were for diagnosis and cause. The majority of patients with comprehension deficits failed to perceive them. Patients perceived difficulty with comprehension only 20% of the time when they demonstrated deficient comprehension. | Six completed pediatric clinical trials met the inclusion criteria. All of the pediatric trials found that prednisone is not superior to dexamethasone in treating mild to moderate asthma exacerbations. Meta-analysis demonstrated homogeneity between the dexamethasone and prednisone groups when examining symptomatic return to baseline and unplanned physician revisits after the initial emergency department encounter. Some studies found potential additional benefits of dexamethasone, including improved compliance and less vomiting.","Maybe

The provided abstracts do not explicitly state whether patients are aware of their lack of comprehension regarding emergency department care and instructions. Abstract 1 mentions assessing patients' awareness of deficiencies in their comprehension, but it does not provide information about whether patients themselves"
108,Staging laparoscopy in patients with hepatocellular carcinoma: is it useful?,no,maybe,False,,"Staging laparoscopy (SL) is not regularly performed for patients with hepatocellular carcinoma (HCC). It may change treatment strategy, preventing unnecessary open exploration. An additional advantage of SL is possible biopsy of the nontumorous liver to assess fibrosis/cirrhosis. This study aimed to determine whether SL for patients with HCC still is useful. | We evaluated the diagnostic accuracy of LUS in comparison with preoperative staging and laparoscopy in 33 patients with colorectal cancer. Preoperative staging included abdominal US, CT, and endoscopic US (for rectal cancer). Laparoscopy and LUS were performed in all cases. Pre- and intraoperative staging were related to definitive histology. Staging was done according to the TNM classification. | Laparoscopy has rapidly emerged as the preferred surgical approach to a number of different diseases because it allows for a correct diagnosis and proper treatment. It seems to be moving toward the use of mini-instruments (5 mm or less in diameter). The aim of this paper is to illustrate retrospectively the results of an initial experience of minilaparoscopic transabdominal preperitoneal (miniTAPP) repair of groin hernia defects performed at two institutions.","Maybe

The provided context discusses staging laparoscopy (SL) in the context of hepatocellular carcinoma (HCC), but it does not definitively state whether SL is useful or not. Abstract 1 mentions that SL might change treatment strategy"
109,Is there awareness of pharmaceutical expenditure in the reformed primary care system?,no,maybe,False,,"To evaluate the effectiveness of feeding information on pharmacy back to primary care doctors in order to create awareness (knowledge) of pharmaceutical expenditure (PE). | To be able to adhere to discharge instructions after a visit to the emergency department (ED), patients should understand both the care that they received and their discharge instructions. The objective of this study is to assess, at discharge, patients' comprehension of their ED care and instructions and their awareness of deficiencies in their comprehension. | There is increasing pressure on mental health providers to reduce the duration of treatments, while retaining level of quality and effectiveness. The risk is that the population is underserved and therefore needs new treatment episodes. The primary aim of this study was to investigate whether duration of treatment and return into mental health care were related.","Maybe

The context mentions an abstract about evaluating the effectiveness of feeding information on pharmacy back to primary care doctors to create awareness of pharmaceutical expenditure. However, it does not provide enough information to definitively say if there is awareness of pharmaceutical expenditure in the re"
110,Are WHO/UNAIDS/UNICEF-recommended replacement milks for infants of HIV-infected mothers appropriate in the South African context?,no,maybe,False,,"Little is known about the nutritional adequacy and feasibility of breastmilk replacement options recommended by WHO/UNAIDS/UNICEF. The study aim was to explore suitability of the 2001 feeding recommendations for infants of HIV-infected mothers for a rural region in KwaZulu Natal, South Africa specifically with respect to adequacy of micronutrients and essential fatty acids, cost, and preparation times of replacement milks. | Nutritional adequacy, cost, and preparation time of home-prepared replacement milks containing powdered full cream milk (PM) and fresh full cream milk (FM) and different micronutrient supplements (2 g UNICEF micronutrient sachet, government supplement routinely available in district public health clinics, and best available liquid paediatric supplement found in local pharmacies) were compared. Costs of locally available ingredients for replacement milk were used to calculate monthly costs for infants aged one, three, and six months. Total monthly costs of ingredients of commercial and home-prepared replacement milks were compared with each other and the average monthly income of domestic or shop workers. Time needed to prepare one feed of replacement milk was simulated. | Patients living in rural areas may be at a disadvantage in accessing tertiary health care.AIM: To test the hypothesis that very premature infants born to mothers residing in rural areas have poorer outcomes than those residing in urban areas in the state of New South Wales (NSW) and the Australian Capital Territory (ACT) despite a coordinated referral and transport system.","Maybe

The provided abstracts do not directly address whether WHO/UNAIDS/UNICEF-recommended replacement milks for infants of HIV-infected mothers are appropriate in the South African context. They focus on exploring the suitability of these recommendations for"
111,Do approved doctors and medical referees in the UK agree when assessing a seafarer's fitness?,no,maybe,False,,"The seafaring industry remains a hazardous occupation that requires sophisticated systems of risk and fitness assessment. This study aims to investigate the extent of agreement between Approved Doctors (ADs) and Medical Referees (MRs) when they assess a seafarer's fitness. | Academic medical researchers are judged by how often their publications are cited in the literature. When serving as journal reviewers, they may be more favorably disposed to manuscripts that cite their work. We investigate whether manuscripts that contain a citation to the reviewer's work receive higher evaluations than those that do not and whether peer reviewers encourage authors to cite that reviewer's work. | Currently, a 'pedagogical gap' exists in distributed medical education in that distance educators teach medical students but typically do not have the opportunity to assess them in large-scale examinations such as the objective structured clinical examination (OSCE). We developed a remote examiner OSCE (reOSCE) that was integrated into a traditional OSCE to establish whether remote examination technology may be used to bridge this gap. The purpose of this study was to explore whether remote physician-examiners can replace on-site physician-examiners in an OSCE, and to determine the feasibility of this new examination method.","Maybe

The given context does not provide specific information about the agreement between Approved Doctors (ADs) and Medical Referees (MRs) when assessing a seafarer's fitness in the UK. It only mentions that a study is investigating this"
112,Diffusion-weighted echo-planar MR imaging of primary parotid gland tumors: is a prediction of different histologic subtypes possible?,yes,maybe,False,,"Our aim was to determine the value of echo-planar diffusion-weighted MR imaging (epiDWI) in differentiating various types of primary parotid gland tumors. | Subjective toxicity to the parotid glands was assessed with the help of a questionnaire at 0, 3 and 6 months and objective toxicity was assessed with parotid scintigraphy at 0 and 3 months. The mean dose to the ipsilateral parotid gland ranged from 19.5 to 52.8 Gy (mean 33.14 Gy) and the mean dose to the contralateral gland was 11.1-46.6 Gy (mean 26.85 Gy). At a median follow-up of 13 months, 9/19 patients had no symptoms of dryness of the mouth (grade I), 8/19 had mild dryness of the mouth (grade II) and only 2/19 had grade III xerostomia, although the parotid gland could only be spared on one side in most of the patients. | To report three cases illustrating that it is not unusual for a primary eyelid tumour to metastasise to the parotid gland and vice versa.","Maybe

The provided context does not contain any information about diffusion-weighted echo-planar MR imaging (epiDWI) being used to differentiate various types of primary parotid gland tumors. The first abstract mentions epiDWI but does not"
113,The objective structured clinical examination: can physician-examiners participate from a distance?,yes,yes,True,,"Currently, a 'pedagogical gap' exists in distributed medical education in that distance educators teach medical students but typically do not have the opportunity to assess them in large-scale examinations such as the objective structured clinical examination (OSCE). We developed a remote examiner OSCE (reOSCE) that was integrated into a traditional OSCE to establish whether remote examination technology may be used to bridge this gap. The purpose of this study was to explore whether remote physician-examiners can replace on-site physician-examiners in an OSCE, and to determine the feasibility of this new examination method. | We tested the hypothesis that equal mastery of surgical clerkship objectives can be obtained in a clerkship with and without general surgery. Students chose any two surgical rotations and were assessed by written examination, objective structured clinical examination (OSCE), ward evaluations, self-assessment objectives questionnaire, and satisfaction survey. | To achieve the objective a cross-sectional design was used in three government schools of Mahmoodabad and Chanesar Goth, Jamshed Town, Karachi. Students of either gender drawn from these schools fulfilling the inclusion and exclusion criteria were interviewed using a pre-coded structured questionnaire. Along with demographic data, questions regarding frequency of Chaalia and Pan Masala use, practices of this habit in friends and family and place of procurement of these substances, were inquired. Knowledge was assessed about harmful effects and its source of information. In addition, practices in relation to that knowledge were assessed.","Yes

The context mentions a study that developed a remote examiner OSCE (reOSCE) to see if remote physician-examiners could replace on-site ones in an OSCE. This indicates that yes, physician-examiners can participate from a"
114,Do resident's leadership skills relate to ratings of technical skill?,yes,maybe,False,,"This study sought to compare general surgery research residents' survey information regarding self-efficacy ratings to their observed performance during a simulated small bowel repair. Their observed performance ratings were based on their leadership skills in directing their assistant. | The purpose of this study was to investigate and differentiate the skills and attitudes of Pathway and non-Pathway students in working with culturally diverse populations by conducting quantitative and qualitative analyses. | We have previously reported the feasibility of diagnostic and therapeutic peritoneoscopy including liver biopsy, gastrojejunostomy, and tubal ligation by an oral transgastric approach. We present results of per-oral transgastric splenectomy in a porcine model. The goal of this study was to determine the technical feasibility of per-oral transgastric splenectomy using a flexible endoscope.","Maybe

The given context does not explicitly state whether the residents' leadership skills directly relate to their ratings of technical skill. While it mentions that the residents' self-efficacy ratings were compared to their observed performance during a simulated small bowel repair, which"
115,Are income-related differences in active travel associated with physical environmental characteristics?,no,maybe,False,,"Rates of active travel vary by socio-economic position, with higher rates generally observed among less affluent populations. Aspects of both social and built environments have been shown to affect active travel, but little research has explored the influence of physical environmental characteristics, and less has examined whether physical environment affects socio-economic inequality in active travel. This study explored income-related differences in active travel in relation to multiple physical environmental characteristics including air pollution, climate and levels of green space, in urban areas across England. We hypothesised that any gradient in the relationship between income and active travel would be least pronounced in the least physically environmentally-deprived areas where higher income populations may be more likely to choose active transport as a means of travel. | Likelihood of making an active trip among the lowest income group appeared unaffected by physical environmental deprivation; 15.4% of their non-recreational trips were active in both the least and most environmentally-deprived areas. The income-related gradient in making active trips remained steep in the least environmentally-deprived areas because those in the highest income groups were markedly less likely to choose active travel when physical environment was 'good', compared to those on the lowest incomes (OR = 0.44, 95% CI = 0.22 to 0.89). | Adults aged 16+ living in urban areas (n = 20,146) were selected from the 2002 and 2003 waves of the UK National Travel Survey. The mode of all short non-recreational trips undertaken by the sample was identified (n = 205,673). Three-level binary logistic regression models were used to explore how associations between the trip being active (by bike/walking) and three income groups, varied by level of multiple physical environmental deprivation.","Maybe

The provided abstracts do not definitively confirm or deny whether income-related differences in active travel are associated with physical environmental characteristics. 

Abstract 1 suggests that there might be less pronounced income-related differences in active travel in the least physically environmentally-de"
116,Is gastric cancer different in Korea and the United States?,yes,maybe,False,,"One of the sites most frequently invaded by gastric cancer is the mesocolon; however, the UICC does not mention this anatomical site as an adjacent structure involved in gastric cancer. The purpose of this study was to characterize and classify mesocolon invasion from gastric cancer. | To compare the characteristics and prognoses of gastric cancers by tumor location in Korean and U.S. subjects after curative-intent (R0) resection for gastric cancer (GC). | The surgical treatment of diabetes had witnessed progressive development and success since the first case of pancreatic transplantation. Although this was a great step, wide clinical application was limited by several factors. Bariatric surgery such as gastric bypass is emerging as a promising option in obese patients with type 2 diabetes. The aim of this article is to explore the current application of gastric bypass in patients with type 2 diabetes and the theoretical bases of gastric bypass as a treatment option for type 1 diabetes.","Maybe

The provided abstracts do not directly compare gastric cancer characteristics or prognoses between Korea and the United States. They discuss various aspects of gastric cancer but do not specifically address differences between these two countries. Therefore, based solely on the given information,"
117,The FOOTSTEP self-management foot care programme: are rheumatoid arthritis patients physically able to participate?,maybe,no,False,,"The FOOTSTEP self-management foot care programme is a clinical and cost-effective programme for basic foot care in the elderly. The aim of this study was to determine if patients with rheumatoid arthritis (RA) would be physically able to participate. | To investigate the diagnostic value of a half dose compared with a full dose of gadobenate dimeglumine in the assessment of synovitis or tenosynovitis in the wrist and finger joints in patients with early rheumatoid arthritis (RA) and a disease activity score greater than 3.2. | To be able to adhere to discharge instructions after a visit to the emergency department (ED), patients should understand both the care that they received and their discharge instructions. The objective of this study is to assess, at discharge, patients' comprehension of their ED care and instructions and their awareness of deficiencies in their comprehension.","Based solely on the information given in the abstract, the answer is:

maybe

The context mentions that the FOOTSTEP self-management foot care programme was designed for ""basic foot care in the elderly"" but does not explicitly state whether it is suitable for patients"
118,Does glomerular hyperfiltration in pregnancy damage the kidney in women with more parities?,no,maybe,False,,"We aimed to investigate the glomerular hyperfiltration due to pregnancy in women with more parities. | X-chromosome inactivation patterns were compared in 5 groups of women. Group 1 (recurrent spontaneous abortion) consisted of 357 women with 2 or more spontaneous losses. In group 2 (infertility), there were 349 subjects from infertility practices recruited at the time of a positive serum beta-human chorionic gonadotropin. Group 3 (spontaneous abortion) women (n = 81) were recruited at the time of an ultrasound diagnosis of an embryonic demise or an anembryonic gestation. Groups 4 (primiparous) and 5 (multiparous) were healthy pregnant subjects previously enrolled in another study to determine the incidence and cause of pregnancy complications, such as preeclampsia and intrauterine growth restriction. The Primiparous group included 114 women in their first pregnancy, whereas the Multiparous group consisted of 79 women with 2 or more pregnancies but without pregnancy loss. | Five hundred women aged 52.57 +/- 8.08 years, without a history of hypertension, diabetes mellitus or complicated pregnancy were involved in the study. They were divided into three groups. Group 1: women with no or one parity (n = 76); group 2: women with two or three parities (n = 333); group 3: women with four or more parities (n = 91). Laboratory parameters and demographical data were compared between the three groups.","Maybe

The provided context does not directly address whether glomerular hyperfiltration in pregnancy damages the kidneys in women with more parities. The abstracts mention studies related to pregnancy and kidney function, but they do not specifically focus on glomerular"
119,Are there effects of intrauterine cocaine exposure on delinquency during early adolescence?,no,maybe,False,,"To ascertain whether level of intrauterine cocaine exposure (IUCE) is associated with early adolescent delinquent behavior, after accounting for prenatal exposures to other psychoactive substances and relevant psychosocial factors. | Of the 93 participants, 24 (26%) reported ≥ 3 delinquent behaviors during early adolescence. In the final multivariate model (including level of IUCE and cigarette exposure, childhood exposure to violence, and caregiver strictness/supervision) ≥ 3 delinquent behaviors were not significantly associated with level of IUCE but were significantly associated with intrauterine exposure to half a pack or more of cigarettes per day and higher levels of childhood exposure to violence, effects substantially unchanged after control for early adolescent violence exposure. | Ninety-three early adolescents (12.5-14.5 years old) participating since birth in a longitudinal study of IUCE reported delinquent acts via an audio computer-assisted self-interview. Level of IUCE and exposure to cigarettes, alcohol, and marijuana were determined by maternal report, maternal and infant urine assays, and infant meconium assays at birth. Participants reported their exposure to violence on the Violence Exposure Scale for Children-Revised at ages 8.5, 9.5, and 11 years and during early adolescence, and the strictness of supervision by their caregivers during early adolescence.","Maybe

The information provided in the abstracts does not definitively state that there are effects of intrauterine cocaine exposure on delinquency during early adolescence. 

In Abstract 1, the authors mention that they are investigating whether IUCE is associated"
120,Do somatic complaints predict subsequent symptoms of depression?,maybe,maybe,True,,"Gender-stratified multiple regression analyses revealed that baseline CES-D scores were the best predictors of subsequent depressive symptoms for men and women. Baseline scores on the SCL-90-R somatization subscale significantly predicted subsequent self-reported symptoms of depressed mood 5 years later, but only in women. However, somatic complaints were a somewhat less powerful predictor than income and age. | Evidence suggests substantial comorbidity between symptoms of somatization and depression in clinical as well as nonclinical populations. However, as most existing research has been retrospective or cross-sectional in design, very little is known about the specific nature of this relationship. In particular, it is unclear whether somatic complaints may heighten the risk for the subsequent development of depressive symptoms. | To identify distinctive features in patients with chronic functional somatic symptoms, and to determine whether these symptoms support the hypothesis of the existence of specific somatic syndromes.","Maybe

Explanation: The context provides mixed information regarding the prediction of subsequent depressive symptoms by somatic complaints. 

From Abstract 1, we learn that somatic complaints (as measured by the SCL-90-R somatization subscale)"
121,Cancer of the buccal mucosa: are margins and T-stage accurate predictors of local control?,no,maybe,False,,"Cancer of the buccal mucosa is an uncommon and aggressive neoplasm of the oral cavity. Less than 2% of patients treated for cancer of the oral cavity at Roswell Park Cancer Institute (RPCI) from 1971 to 1997 had primary buccal cancers. Because the majority of these patients did not undergo any adjuvant treatment, this group provided us with the opportunity to assess the relationship between margin status and local recurrence for both small (T1-T2) and large (T3-T4) tumors treated with surgery alone. | All patients underwent surgical resection of their primary lesion; 21 (75%) had T1 or T2 tumors. The rate of local recurrence was 56% for the group as a whole. Patients with close or positive margins had a 66% local failure rate as compared with 52% when surgical margins were negative (greater than or equal to 5 mm from the resection margin after tissue fixation; P = ns). Among those in whom negative margins were achieved, patients with T1-T2 disease had a 40% local failure rate with surgical resection alone. | A multicentre, retrospective study was conducted of patients with rectal cancer threatening or affecting the prostatic plane, but not the bladder, judged by magnetic resonance imaging (MRI). The use of preoperative chemoradiotherapy and the type of urologic resection were correlated with the status of the pathological circumferential resection margin (CRM) and local recurrence.","Maybe

The provided abstracts do not directly address whether margins and T-stage are accurate predictors of local control specifically for cancer of the buccal mucosa. Abstract 1 discusses the relationship between margin status and local recurrence for buccal cancers,"
122,Is inhaled prophylactic heparin useful for prevention and Management of Pneumonia in ventilated ICU patients?,no,maybe,False,,"To determine whether prophylactic inhaled heparin is effective for the prevention and treatment of pneumonia patients receiving mechanical ventilation (MV) in the intensive care unit. | The impact of different strategies for management of intercostal and lumbar arteries during repair of thoracic and thoracoabdominal aortic aneurysms (TAA/A) on the prevention of paraplegia remains poorly understood. | A phase 2, double blind randomized controlled trial stratified for study center and patient type (non-operative, post-operative) was conducted in three university-affiliated intensive care units. Patients aged ≥18years and requiring invasive MV for more than 48hours were randomized to usual care, nebulization of unfractionated sodium heparin (5000 units in 2mL) or placebo nebulization with 0.9% sodium chloride (2mL) four times daily with the main outcome measures of the development of ventilator associated pneumonia (VAP), ventilator associated complication (VAC) and sequential organ failure assessment scores in patients with pneumonia on admission or who developed VAP.","Maybe

The provided abstracts do not give a definitive answer to whether inhaled prophylactic heparin is useful for the prevention and management of pneumonia in ventilated ICU patients. Abstract 1 discusses a study that investigated the effectiveness of inhaled"
123,Can PRISM predict length of PICU stay?,no,maybe,False,,"PRISM is claimed to score disease severity which has attributed an impact on length of PICU stay (LOS). | Retrospectively we performed correlation and regression analyses on routinely scored PRISM data of all consecutive admissions to our level-III PICU from 1994 to 1999 (n>2000) with individual LOS. In addition, an ANN was trained on the chronologically first 75% of those data (inputs, PRISM items + age + sex; output, LOS). The ANN's performance was tested on the remaining most recent 25% of the data sets. | To determine the impact of PRISM on LOS, and evaluate an Artificial Neural Network's (ANN) performance to estimate LOS from PRISM item patterns.","Maybe

Explanation: Based solely on the information provided in the abstracts, it is not definitively clear whether PRISM can predict the length of PICU stay. 

In Abstract 1, PRISM is mentioned as scoring disease severity, which could"
124,Is aneurysm repair justified for the patients aged 80 or older after aneurysmal subarachnoid hemorrhage?,yes,maybe,False,,"With the advancement of an aging society in the world, an increasing number of elderly patients have been hospitalized due to aneurysmal subarachnoid hemorrhage (aSAH). There is no study that compares the elderly cases of aSAH who receive the definitive treatment with those who treated conservatively. The aim of this study was to investigate the feasibility of the definitive surgery for the acute subarachnoid cases aged 80 or older. | We reviewed 500 consecutive cases with acute aSAH with surgical indication for aneurysm repair. Inoperable cases such as dead-on-arrival and the cases with both pupils dilated were excluded. We compared the cases aged 80 or older that received clipping or coil embolization with the controls that the family selected conservative treatment. | The study comprised adults aged 18 years or older with chronic disease-related functional limitations.","Maybe

The provided abstracts do not definitively answer whether aneurysm repair is justified for patients aged 80 or older after aneurysmal subarachnoid hemorrhage. Abstract 1 discusses a study comparing definitive surgery versus"
125,Pancreas retransplantation:  a second chance for diabetic patients?,yes,maybe,False,,"If pancreas transplantation is a validated alternative for type 1 diabetic patients with end-stage renal disease, the management of patients who have lost their primary graft is poorly defined. This study aims at evaluating pancreas retransplantation outcome. | Second pancreas survival of the 17 patients transplanted from 1995 was close to primary graft survival of the whole population (71% vs. 79% at 1 year and 59% vs. 69% at 5 years; P=0.5075) and significantly better than their first pancreas survival (71% vs. 29% at 1 year and 59% vs. 7% at 5 years; P=0.0008) regardless of the cause of first pancreas loss. The same results were observed with all 37 retransplantations. Survival of second simultaneous pancreas and kidney transplantations was better than survival of second pancreas after kidney. Patient survival was excellent (89% at 5 years). Pancreas retransplantation had no impact on kidney graft function and survival (100% at 5 years). | Between 1976 and 2008, 569 pancreas transplantations were performed in Lyon and Geneva, including 37 second transplantations. Second graft survival was compared with primary graft survival of the same patients and the whole population. Predictive factors of second graft survival were sought. Patient survival and impact on kidney graft function and survival were evaluated.","Maybe

The information provided in the abstracts suggests that pancreas retransplantation can be beneficial for some diabetic patients, but it does not definitively state that it is a ""second chance"" for all diabetic patients. 

In Abstract 2"
126,Doppler examination of uteroplacental circulation in early pregnancy: can it predict adverse outcome?,yes,maybe,False,,"One hundred five pregnant women underwent transvaginal Doppler sonographic examination of uteroplacental circulation at 6-12 weeks' gestation. Resistance index (RI) and pulsatility index (PI) of bilateral uterine, arcuate, radial, and spiral arteries were measured. Diameters of gestational sac (GS) and yolk sac, crown-rump length (CRL), GS-CRL difference, and GS/CRL ratio were also recorded. Correlation was made with pregnancy outcome. | To determine whether spectral Doppler measurements obtained from bilateral uterine, arcuate, radial, and spiral arteries in early gestation correlate with adverse pregnancy outcome. | To assess if the Hawkins sign can predict whether or not astragalus fractures of the neck will develop avascular necrosis. It is also assessed whether the occurrence of this complication is related to the displacement of the fracture, soft tissue injury, or delay in the reduction or surgery. The results were compared with those found in the literature.","Maybe

The provided context discusses studies that examine the correlation between Doppler measurements of uteroplacental circulation in early pregnancy and pregnancy outcomes. However, the specific question about predicting adverse pregnancy outcomes is not directly addressed in the given abstracts."
127,Is resected stomach volume related to weight loss after laparoscopic sleeve gastrectomy?,no,maybe,False,,"The mean percentage excess body weight loss (%EBWL) at 3, 6, 12, and 24 months after surgery was 37.68 ± 10.97, 50.97 ± 13.59, 62.35 ± 11.31, and 67.59 ± 9.02 %, respectively. There were no significant differences in mean %EBWL among the three groups. Resected stomach volume was greater in patients with higher preoperative body mass index and was positively associated with resected stomach weight. | Laparoscopic sleeve gastrectomy (LSG) was initially performed as the first stage of biliopancreatic diversion with duodenal switch for the treatment of super-obese or high-risk obese patients but is now most commonly performed as a standalone operation. The aim of this prospective study was to investigate outcomes after LSG according to resected stomach volume. | Laparoscopic sleeve gastrectomy (LSG) is currently being performed with increasing frequency worldwide. It offers an excellent weight loss and resolution of comorbidities in the short term with a very low incidence of complications. However, the ever present risk of a staple line leak is still a major concern.","Maybe

The provided context does not directly address whether resected stomach volume is related to weight loss after laparoscopic sleeve gastrectomy (LSG). While it mentions that resected stomach volume is greater in patients with higher preoperative body"
128,Evaluation of pediatric VCUG at an academic children's hospital: is the radiographic scout image necessary?,no,maybe,False,,"To demonstrate that the radiographic scout image does not augment VCUG interpretation or contribute management-changing information but nonetheless carries a non-negligible effective dose. | There is heterogeneity in how pediatric voiding cystourethrography (VCUG) is performed. Some institutions, including our own, obtain a radiographic scout image prior to contrast agent instillation. | We evaluated the usefulness of a short stay or 23-hour ward in a pediatric unit of a large teaching hospital, Westmead Hospital, and an academic Children's hospital, The New Children's Hospital, to determine if they are a useful addition to the emergency service.","Maybe

The context provided does not definitively state whether the radiographic scout image is necessary for pediatric VCUG at an academic children's hospital. Abstract 1 suggests that the scout image does not add significant value to the interpretation or management of VCUG"
129,Can EMS Providers Provide Appropriate Tidal Volumes in a Simulated Adult-sized Patient with a Pediatric-sized Bag-Valve-Mask?,yes,maybe,False,,"We enrolled 50 providers from a large, busy, urban fire-based EMS agency with 14.96 (SD = 9.92) mean years of experience. Only 1.5% of all breaths delivered with the pediatric BVM during the ventilation scenarios were below the recommended tidal volume. A greater percentage of breaths delivered in the recommended range occurred when the pediatric BVM was used (17.5% vs 5.1%, p<0.001). Median volumes for each scenario were 570.5mL, 664.0mL, 663.0mL for the pediatric BMV and 796.0mL, 994.5mL, 981.5mL for the adult BVM. In all three categories of airway devices, the pediatric BVM provided lower median tidal volumes (p<0.001). | In the prehospital setting, Emergency Medical Services (EMS) professionals rely on providing positive pressure ventilation with a bag-valve-mask (BVM). Multiple emergency medicine and critical care studies have shown that lung-protective ventilation protocols reduce morbidity and mortality. Our primary objective was to determine if a group of EMS professionals could provide ventilations with a smaller BVM that would be sufficient to ventilate patients. Secondary objectives included 1) if the pediatric bag provided volumes similar to lung-protective ventilation in the hospital setting and 2) compare volumes provided to the patient depending on the type of airway (mask, King tube, and intubation). | Medical providers in the active intervention group had: 1) education from pharmacists concerning the appropriate use of lower-cost alternatives compared with expensive focus medications 2) counter samples and patient sample handouts available to dispense to patients at their own discretion.","Maybe

The provided context does not directly address whether EMS providers can provide appropriate tidal volumes using a pediatric-sized bag-valve-mask on an adult-sized patient. The first abstract discusses the use of a pediatric bag-valve-mask on pediatric patients and notes that"
130,Biomechanical and wound healing characteristics of corneas after excimer laser keratorefractive surgery: is there a difference between advanced surface ablation and sub-Bowman's keratomileusis?,yes,maybe,False,,"To describe the biomechanical and wound healing characteristics of corneas after excimer laser keratorefractive surgery. | Histologic, ultrastructural, and cohesive tensile strength evaluations were performed on 25 normal human corneal specimens, 206 uncomplicated LASIK specimens, 17 uncomplicated sub-Bowman's keratomileusis (SBK) specimens, 4 uncomplicated photorefractive keratectomy (PRK) specimens, 2 uncomplicated advanced surface ablation (ASA) specimens, 5 keratoconus specimens, 12 postoperative LASIK ectasia specimens, and 1 postoperative PRK ectasia specimen and compared to previously published studies. | Histologic and ultrastructural studies of normal corneas showed significant differences in the direction of collagen fibrils and/or the degree of lamellar interweaving in Bowman's layer, the anterior third of the corneal stroma, the posterior two-thirds of the corneal stroma, and Descemet's membrane. Cohesive tensile strength testing directly supported these morphologic findings as the stronger, more rigid regions of the cornea were located anteriorly and peripherally. This suggests that PRK and ASA, and secondarily SBK, should be biomechanically safer than conventional LASIK with regard to risk for causing keratectasia after surgery. Because adult human corneal stromal wounds heal slowly and incompletely, all excimer laser keratorefractive surgical techniques still have some distinct disadvantages due to inadequate reparative wound healing. Despite reducing some of the risk for corneal haze compared to conventional PRK, ASA cases still can develop corneal haze or breakthrough haze from the hypercellular fibrotic stromal scarring. In contrast, similar to conventional LASIK, SBK still has the short- and long-term potential for interface wound complications from the hypocellular primitive stromal scar.","Maybe

The provided abstracts do not specifically compare the biomechanical and wound healing characteristics of corneas after advanced surface ablation (ASA) and sub-Bowman's keratomileusis (SBK). The first abstract describes the biome"
131,Is fetal anatomic assessment on follow-up antepartum sonograms clinically useful?,yes,maybe,False,,"A retrospective follow-up study was conducted at a low-risk maternity clinic from July 1, 2005, to June 30, 2006. Eligible women had at least 1 prior sonographic examination beyond 18 weeks' gestation with a complete and normal fetal anatomic assessment and at least 1 follow-up sonogram. Full fetal anatomic surveys were performed on all follow-up sonograms regardless of the indication. Neonatal charts were reviewed for those patients whose follow-up sonograms revealed unanticipated fetal anomalies. Neonatal intervention was defined as surgical or medical therapy or arranged subspecialty follow-up specifically for the suspected fetal anomaly. | The purpose of this study was to evaluate the clinical usefulness of a fetal anatomic survey on follow-up antepartum sonograms. | Of a total of 4269 sonographic examinations performed, 437 (10.2%) were follow-up studies. Of these, 101 (23.1%) were excluded because the initial sonogram revealed a suspected fetal anomaly, and 42 (9.8%) were excluded for other reasons. Of the remaining 294 women, 21 (7.1%) had an unanticipated fetal anomaly, most often renal pyelectasis. Compared with follow-up sonography for other reasons, repeated sonography for fetal growth evaluation yielded a higher incidence of unexpected fetal anomalies: 15 (12.3%) of 122 versus 6 (3.5%) of 172 (P = .01). When compared with the neonates in the nongrowth indications group, those neonates whose mothers had sonographic examinations for fetal growth had a higher rate of neonatal interventions: 6 (40.0%) of 15 versus 0 (0%) of 6 (P = .04).","Maybe

The context provides some information about the usefulness of fetal anatomic assessments on follow-up antepartum sonograms, but it is not conclusive enough to definitively state whether it is clinically useful or not. 

From Abstract 1, we"
132,Does anterior laxity of the uninjured knee influence clinical outcomes of ACL reconstruction?,yes,maybe,False,,"We retrospectively reviewed 163 patients who had undergone unilateral ACL reconstruction from January 2002 to August 2009. Patients were divided into three groups according to the anterior laxity of the contralateral, normal knee in 30° of knee flexion as measured with a KT2000 arthrometer exerting a force of 134 N:<5 mm for Group 1, 5 to 7.5 mm for Group 2, and>7.5 mm for Group 3. Anterior laxity of the uninjured knee was assessed preoperatively, and anterior laxity of the reconstructed knee was assessed at twenty-four months postoperatively. Anterior stability of the knee was also assessed with use of the Lachman and pivot-shift tests. Functional outcomes were assessed with the Lysholm score and the International Knee Documentation Committee (IKDC) score. | The purpose of this study was to evaluate the association between the postoperative outcomes of anterior cruciate ligament (ACL) reconstruction and the anterior laxity of the uninjured knee. | The three groups differed significantly with respect to the postoperative side-to-side difference in anterior laxity (p = 0.015), Lysholm score (p<0.001), and IKDC subjective score (p<0.001). The mean side-to-side difference in anterior laxity of the reconstructed knee was 2.1 ± 1.3 mm in Group 1, 2.2 ± 1.3 mm in Group 2, and 2.9 ± 1.4 mm in Group 3. The postoperative Lysholm score was 91.8 ± 4.5 in Group 1, 90.3 ± 5.5 in Group 2, and 85.4 ± 6.6 in Group 3. The postoperative IKDC subjective score was 89.3 ± 6.4 in Group 1, 87.9 ± 6.0 in Group 2, and 82.6 ± 8.2 in Group 3. Post hoc testing showed that Group 3 had significantly greater anterior laxity (p ≤ 0.039) and lower functional scores (p ≤ 0.001) compared with Groups 1 and 2.","Maybe

The provided context discusses a study that looked at the relationship between the anterior laxity of the uninjured knee and the clinical outcomes after ACL reconstruction. However, it does not provide direct evidence that anterior laxity of the uninjured knee directly influences"
133,Does elective re-siting of intravenous cannulae decrease peripheral thrombophlebitis?,yes,maybe,False,,"Peripheral venous thrombophlebitis (PVT) is a common complication of intravenous cannulation, occurring in about 30% of patients. We evaluated the effect of elective re-siting of intravenous cannulae every 48 hours on the incidence and severity of PVT in patients receiving intravenous fluids/drugs. | To determine the therapeutic effect (alleviation of vascular type headache) and side effects of a slow intravenous metoclopramide infusion over 15 min compared with those effects of a bolus intravenous metoclopramide infusion over 2 min in the treatment of patients with recent onset vascular type headache. | We randomized 42 patients who were admitted for major abdominal surgery to either the control or study group (n = 21 in either group). Informed consent was obtained from all of them. Cannulae in the control group were removed only if the site became painful, the cannula got dislodged or there were signs and symptoms suggestive of PVT, namely pain, erythema, swelling, excessive warmth or a palpable venous cord. Cannulae in the study group were changed and re-sited electively every 48 hours. All the patients were examined every 24 hours for signs and symptoms of PVT at the current and previous sites of infusion.","Maybe

The provided context discusses a study that evaluated the effect of re-siting intravenous cannulae every 48 hours on the incidence and severity of peripheral venous thrombophlebitis (PVT). However, it does not"
134,Does prostate morphology affect outcomes after holmium laser enucleation?,yes,maybe,False,,"To determine whether prostate morphology or technique used has any effect on postoperative outcomes after holmium laser enucleation of the prostate. | A retrospective review of prospectively collected data was completed for all patients undergoing a holmium laser enucleation of the prostate at our institution. Prostate morphology was classified as either ""bilobar"" or ""trilobar"" according to the cystoscopic appearance. The baseline characteristics, complications, and postoperative outcomes were collected. | To describe the biomechanical and wound healing characteristics of corneas after excimer laser keratorefractive surgery.","Maybe

The provided abstracts do not explicitly state whether prostate morphology affects outcomes after holmium laser enucleation. Abstract 1 mentions that prostate morphology might have an effect, but it does not provide specific information about the outcomes. Abstract 2 class"
135,Does limb-salvage surgery offer patients better quality of life and functional capacity than amputation?,maybe,maybe,True,,"We therefore compared functional status and quality of life for patients treated with above-knee amputation versus limb-salvage surgery. | To evaluate the impact of patient-prosthesis mismatch (PPM) on survival, functional status, and quality of life (QoL) after aortic valve replacement (AVR) with small prosthesis size in elderly patients. | Both medical therapy and laparoscopic antireflux surgery have been shown to improve quality of life in gastro-oesophageal reflux disease. Although patients with poor symptom control or side effects on medical therapy might be expected to have improved quality of life after surgery, our aim was to determine, for the first time, whether patients whose symptoms are well controlled on medical therapy but who decide to undergo surgery (patient preference) would experience improved quality of life.","Maybe

The provided context does not contain direct information about comparing the quality of life and functional status between patients who underwent limb-salvage surgery and those who had an above-knee amputation. The abstracts do not explicitly state that one procedure"
136,Does diabetes mellitus influence the efficacy of FDG-PET in the diagnosis of cervical cancer?,no,yes,False,,"Compared with computed tomography (CT) and magnetic resonance imaging (MRI), positron emission tomography (PET) may have additional value in the assessment of primary and recurrent cervical cancer. However, the degree of tumour uptake of (18)F-2-fluoro-2-deoxy-D: -glucose (FDG) uptake is sometimes influenced by diabetes mellitus (DM). Therefore, we conducted this prospective study to compare the diagnostic ability of FDG-PET in patients with cervical cancer complicated by DM and those without DM. | Mechanically ventilated patients experience profound stress. Interventions are needed to ameliorate stress that does not cause adverse effects. The purpose of this study was to explore the influence of music on stress in a sample of patients over the duration of ventilatory support.RESEARCH METHODOLOGY/ | This study was planned to evaluate whether increased nuchal translucency (NT) thickness in the first trimester of gestation can be related to onset of gestational diabetes mellitus (GDM) during pregnancy.","Yes

The context states that ""the degree of tumour uptake of (18)F-2-fluoro-2-deoxy-D: -glucose (FDG) uptake is sometimes influenced by diabetes mellitus (DM)."" Given this"
137,Is being small for gestational age a risk factor for retinopathy of prematurity?,no,maybe,False,,"To analyze prevalence and risk factors for retinopathy of prematurity (ROP) among preterm infants born small for gestational age (SGA) and appropriate for gestational age (AGA). | Compared with men born with appropriate birth weight for gestational age, men born light for gestational age suffered an increased risk of low intellectual performance after adjustment for maternal and socioeconomic factors. The increase in risk of low intellectual performance related to a decrease in birth weight for gestational age was similar between families and within families. Men born short or with a small head circumference for gestational age were also at increased risk of low intellectual performance, both when adjusting for maternal and socioeconomic factors and within families. | Being unmarried is a well-known risk factor for poor pregnancy outcome such as preterm delivery and intrauterine growth restriction. The aim of this prospective study was to assess the prevalence and risk of bacterial vaginosis (BV) and selected bacteria isolated from the lower genital tract and to determine the socioeconomic and microbiological characteristics that might be responsible for poor pregnancy outcome observed among unmarried pregnant women.","Maybe

The provided context does not directly address whether being small for gestational age (SGA) is a risk factor for retinopathy of prematurity (ROP). The first abstract mentions ROP but focuses on its prevalence and risk factors among pre"
138,Does Paget's disease exist in India?,yes,yes,True,,"Paget's disease of bone has been described as a few case reports from India. The aim of the present study is to document the existence of Paget's disease (PD) in India. | Juvenile and adult forms of ankylosing spondylitis (AS) have been shown to have different clinical presentation and outcome in Caucasians. We did this retrospective analysis to see if similar differences exist in the Indian population. | Anastomotic leakage is the most threatening early complication in sphincter-preserving rectal cancer surgery. While the oncological consequences have been well examined, only few data exist about the functional outcome.","yes
The context states that ""Paget's disease of bone has been described as a few case reports from India."" This indicates that Paget's disease does exist in India, even though it has only been documented in a limited number of cases."
139,Are sugars-free medicines more erosive than sugars-containing medicines?,no,maybe,False,,"The reduced use of sugars-containing (SC) liquid medicines has increased the use of other dose forms, potentially resulting in more widespread dental effects, including tooth wear. The aim of this study was to assess the erosive potential of 97 paediatric medicines in vitro. | Overall, 55 (57%) formulations had an endogenous pH of<5.5. The mean (+/- SD) endogenous pH and titratable acidity for 41 SC formulations were 5.26 +/- 1.30 and 0.139 +/- 0.133 mmol, respectively; for 56 sugars-free (SF) formulations, these figures were 5.73 +/- 1.53 and 0.413 +/- 1.50 mmol (P>0.05). Compared with their SC bioequivalents, eight SF medicines showed no significant differences for pH or titratable acidity, while 15 higher-strength medicines showed lower pH (P = 0.035) and greater titratable acidity (P = 0.016) than their lower-strength equivalents. Chewable and dispersible tablets (P<0.001), gastrointestinal medicines (P = 0.002) and antibiotics (P = 0.007) were significant predictors of higher pH. In contrast, effervescent tablets (P<0.001), and nutrition and blood preparations (P = 0.021) were significant predictors of higher titratable acidity. | Academic medical researchers are judged by how often their publications are cited in the literature. When serving as journal reviewers, they may be more favorably disposed to manuscripts that cite their work. We investigate whether manuscripts that contain a citation to the reviewer's work receive higher evaluations than those that do not and whether peer reviewers encourage authors to cite that reviewer's work.","Maybe

The provided abstracts do not directly compare the erosive potential of sugars-containing (SC) and sugars-free (SF) medicines. Abstract 1 mentions that the study aimed to assess the erosive potential of 97 paediatric medicines in"
140,Should direct mesocolon invasion be included in T4 for the staging of gastric cancer?,maybe,maybe,True,,"We examined 806 patients who underwent surgery for advanced gastric carcinoma from 1992 to 2007 at the Department of Surgery, Gangnam Severance Hospital, Korea. Among these, patients who showed macroscopically direct invasion into the mesocolon were compared to other patients with advanced gastric cancer. | One of the sites most frequently invaded by gastric cancer is the mesocolon; however, the UICC does not mention this anatomical site as an adjacent structure involved in gastric cancer. The purpose of this study was to characterize and classify mesocolon invasion from gastric cancer. | The curability, number and extent of nodal metastasis, and the survival of the mesocolon invasion group were significantly worse than these factors in the T3 group. However, the survival of the mesocolon invasion group after curative resection was much better than that of patients who had incurable factors.","Maybe

The provided abstracts do not definitively state whether direct mesocolon invasion should be included in T4 for the staging of gastric cancer. Abstract 1 describes a comparison between patients with and without mesocolon invasion, but it does not"
141,Is ganglionated plexi ablation during Maze IV procedure beneficial for postoperative long-term stable sinus rhythm?,no,maybe,False,,"We investigated the role of surgical ablation targeting the autonomous nervous system during a Cox-Maze IV procedure in the maintenance of sinus rhythm at long-term follow-up. | The patient population consisted of 519 subjects with persistent or long-standing persistent atrial fibrillation (AF) undergoing radiofrequency Maze IV during open heart surgery between January 2006 and July 2013 at three institutions without (Group 1) or with (Group 2) ganglionated plexi (GP) ablation. Recurrence of atrial fibrillation off-antiarrhythmic drugs was the primary outcome. Predictors of AF recurrence were evaluated by means of competing risk regression. Median follow-up was 36.7 months. | The percentage of patients in normal sinus rhythm (NSR) off-antiarrhythmic drugs did not differ between groups (Group 1-75.5%, Group 2-67.8%, p = 0.08). Duration of AF ≥ 38 months (p = 0.01), left atrial diameter ≥ 54 mm (0.001), left atrial area ≥ 33 cm(2) (p = 0.005), absence of connecting lesions (p= 0.04), and absence of right atrial ablation (p<0.001) were independently associated with high incidence of AF recurrence. In contrast the absence of GP ablation was not a significant factor (p = 0.12).","Maybe

The provided abstracts do not definitively state whether ganglionated plexi (GP) ablation is beneficial for maintaining sinus rhythm postoperatively. Abstract 1 does mention that it was investigated as part of a Cox-Maze IV"
142,Does laparoscopic cholecystectomy influence peri-sinusoidal cell activity?,yes,maybe,False,,"To investigate the influence of laparoscopic procedures on perisinusoidal cell function. | This study reviewed the results of performing day case laparoscopic cholecystectomy to assess the feasibility and safety of the procedure as a day case. | In 31 patients who underwent laparoscopic cholecystectomy for symptomatic cholelithiasis, the serum levels of beta-N-acetyl hexosaminidase (beta-NAH) and hyaluronic acid (HA) were measured. Six female patients, who underwent other laparoscopic procedures, not involving the hepatobiliary system, served as controls.","Maybe

The provided abstracts do not explicitly state whether laparoscopic cholecystectomy influences peri-sinusoidal cell activity. Abstract 1 mentions ""perisinusoidal cell function"" but does not discuss laparoscopic cholecystectomy specifically"
143,Does quilting suture prevent seroma in abdominoplasty?,yes,maybe,False,,"Seroma is the most frequent complication in abdominoplasty. Some patients are more prone to develop this complication. Ultrasound is a well-known method with which to diagnose seroma in the abdominal wall. The purpose of this study was to verify the efficacy of the use of quilting suture to prevent seroma. | Thirty-six residents (58.3% female) participated in the study. Participants who rated lower levels of decay in their intraoperative decision-making and small bowel repair skills were noted to use their assistant more by giving more instructions. Similarly, a higher number of instructions correlated with lower perceived difficulty in selecting the correct suture, suture pattern, and completing the entire surgical task. | Mechanically ventilated patients experience profound stress. Interventions are needed to ameliorate stress that does not cause adverse effects. The purpose of this study was to explore the influence of music on stress in a sample of patients over the duration of ventilatory support.RESEARCH METHODOLOGY/","Maybe

The provided context discusses a study aimed at verifying the efficacy of using quilting sutures to prevent seromas in abdominoplasty. However, it does not explicitly state whether the quilting sutures were effective in preventing seromas. It"
144,Do hospitals provide lower quality care on weekends?,yes,maybe,False,,"Children ≤18 years of age undergoing tonsillectomy with/without adenoidectomy were included. Risk-adjusted generalized linear models assessed for differences in hospital cost and length of stay (LOS) among children managed by (1) non-children's teaching hospitals (NCTHs), (2) children's teaching hospitals (CTHs), and (3) nonteaching hospitals (NTHs). Risk-adjusted logistic regression compared the odds of major perioperative complications (hemorrhage, respiratory failure, death). Models accounted for clustering of patients within hospitals, were weighted to provide national estimates, and controlled for comorbidities. | This study examines whether having a regular clinician for preventive care is associated with quality of care for young children, as measured by interpersonal quality ratings and content of anticipatory guidance. | A cross-sectional survey was conducted among health care workers in two hospitals in Thailand. Two measures of urbanicity were considered: early-life urban exposure and the proportion of urban life years. We explored four behavioral NCD risk factors, two physiological risk factors and four biological risk factors.","Maybe

The provided abstracts do not directly address the quality of care provided on weekends. The first abstract discusses hospital costs, lengths of stay, and complications related to tonsillectomies across different types of hospitals. The second abstract focuses on the"
145,Memory-provoked rCBF-SPECT as a diagnostic tool in Alzheimer's disease?,yes,maybe,False,,"Alzheimer's disease (AD) is a primary degenerative disease that progressively affects all brain functions, with devastating consequences for the patient, the patient's family and society. Rest regional cerebral blood flow (rCBF) could have a strategic role in differentiating between AD patients and normal controls, but its use for this purpose has a low discriminatory capacity. The purpose of this study was to evaluate whether the diagnostic sensitivity of rCBF single-photon emission computed tomography (SPECT) could be increased by using an episodic memory task provocation, i.e. memory-provoked rCBF-SPECT (MP-SPECT). | Hereditary transthyretin (ATTR) amyloidosis with increased left ventricular wall thickness could easily be misdiagnosed by echocardiography as hypertrophic cardiomyopathy (HCM). Our aim was to create a diagnostic tool based on echocardiography and ECG that could optimise identification of ATTR amyloidosis. | Web search engines are an important tool in communication and diffusion of knowledge. Among these, Google appears to be the most popular one: in August 2008, it accounted for 87% of all web searches in the UK, compared with Yahoo's 3.3%. Google's value as a diagnostic guide in general medicine was recently reported. The aim of this comparative cross-sectional study was to evaluate whether searching Google with disease-related terms was effective in the identification and diagnosis of complex immunological and allergic cases.","Maybe

The context mentions that there was a study evaluating whether memory-provoked rCBF-SPECT (MP-SPECT) could increase the diagnostic sensitivity of rCBF SPECT in differentiating between Alzheimer's disease (AD) patients and normal"
146,Can tailored interventions increase mammography use among HMO women?,yes,maybe,False,,"Telephone counseling and tailored print communications have emerged as promising methods for promoting mammography screening. However, there has been little research testing, within the same randomized field trial, of the efficacy of these two methods compared to a high-quality usual care system for enhancing screening. This study addressed the question: Compared to usual care, is tailored telephone counseling more effective than tailored print materials for promoting mammography screening? | This study was undertaken to examine whether use of alcohol, cigarettes, marijuana, cocaine, and other illicit drugs is related to the likelihood of sexual behaviors that increase risk for human immunodeficiency virus (HIV) infection among youth. | Women were randomized to 1 of 3 groups: (1) usual care, (2) tailored print communications, and (3) tailored telephone counseling.","Maybe

The provided context discusses a study comparing the effectiveness of tailored telephone counseling and tailored print materials in promoting mammography screening among women. It mentions that this study was conducted within a randomized field trial, but it does not explicitly state whether the participants were"
147,Starting insulin in type 2 diabetes: continue oral hypoglycemic agents?,yes,yes,True,,"Persons younger than 76 years with type 2 diabetes whose disease had not been controlled with oral hypoglycemic agents alone. A total of 64 insulin-naive patients treated with maximal feasible dosages of sulfonylurea and metformin (baseline glycosylated hemoglobin [HbA1c]=8.5%) were randomly assigned to insulin monotherapy (IM group; n=31) or insulin in addition to unchanged oral hypoglycemic medication (IC group; n=33) for 12 months. Insulin doses were adjusted to obtain fasting glucose<7.0 mmol/L and postprandial glucose<10.0 mmol/L. | Since insulin therapy might have an atherogenic effect, we studied the relationship between cumulative insulin dose and atherosclerosis in type 1 diabetes. We have focused on patients with type 1 diabetes instead of type 2 diabetes to minimise the effect of insulin resistance as a potential confounder. | To evaluate the effects of insulin 30/70 twice daily or bedtime isophane (NPH) insulin plus continued sulfonylurea and metformin in patients with type 2 diabetes in primary care.","yes

Based on the provided context, specifically Abstract 1, it is clear that starting insulin in type 2 diabetes does not necessarily mean discontinuing oral hypoglycemic agents. In fact, the study described in Abstract 1 suggests that"
148,Does the enteral feeding advancement affect short-term outcomes in very low birth weight infants?,yes,maybe,False,,"Controversy exists regarding the optimal enteral feeding regimen of very low birth weight infants (VLBW). Rapid advancement of enteral feeding has been associated with an increased rate of necrotizing enterocolitis. In contrast, delaying enteral feeding may have unfavorable effects on nutrition, growth, and neurodevelopment. The aim is to compare the short-term outcomes of VLBW infants in tertiary care centers according to their enteral feeding advancement. | We prospectively studied the influence of center-specific enteral feeding advancement in 1430 VLBW infants recruited from 13 tertiary neonatal intensive care units in Germany on short-term outcome parameters. The centers were post hoc stratified to ""rapid advancement to full enteral feeds"" (median duration of advancement to full enteral feeds<or =12.5 days; 6 centers), that is, rapid advancement (RA), or ""slow advancement to full enteral feeds"" (median duration of advancement to full enteral feeds>12.5 days; 7 centers), that is, slow advancement (SA). | Compared with men born with appropriate birth weight for gestational age, men born light for gestational age suffered an increased risk of low intellectual performance after adjustment for maternal and socioeconomic factors. The increase in risk of low intellectual performance related to a decrease in birth weight for gestational age was similar between families and within families. Men born short or with a small head circumference for gestational age were also at increased risk of low intellectual performance, both when adjusting for maternal and socioeconomic factors and within families.","Maybe

The provided abstracts do not explicitly state whether enteral feeding advancement affects short-term outcomes in very low birth weight infants. Abstract 1 mentions that there is controversy regarding the optimal enteral feeding regimen and its potential impact on outcomes like necrot"
149,Can clinicians use the PHQ-9 to assess depression in people with vision loss?,yes,maybe,False,,"Interference from irrelevant negative material might be a key mechanism underlying intrusive ruminative thoughts in depression. Considering commonalities between depression and social anxiety and the presence of similar intrusive thoughts in social anxiety, the current study was designed to assess whether interference from irrelevant material in working memory is specific to depression or is also present in social anxiety disorder. | To assess the acceptability to patients of the use of patients' first names by doctors and doctors' first names by patients in general practice. | The reduced use of sugars-containing (SC) liquid medicines has increased the use of other dose forms, potentially resulting in more widespread dental effects, including tooth wear. The aim of this study was to assess the erosive potential of 97 paediatric medicines in vitro.","Maybe

The provided abstracts do not contain any information about the use of the PHQ-9 scale for assessing depression in individuals with vision loss. The PHQ-9 is a well-known self-report screening tool for depression, but there is no"
150,Bridge experience with long-term implantable left ventricular assist devices. Are they an alternative to transplantation?,yes,maybe,False,,"If long-term use of left ventricular assist devices (LVADs) as bridges to transplantation is successful, the issue of permanent device implantation in lieu of transplantation could be addressed through the creation of appropriately designed trials. Our medium-term experience with both pneumatically and electrically powered ThermoCardiosystems LVADs is presented to outline the benefits and limitations of device support in lieu of transplantation. | We enrolled 100 hypertensive patients (study group) and 30 normotensive subjects (control group). Echocardiography was performed to measure left ventricular mass and left ventricular mass index. Electrocardiogram was performed to measure QTcD. | We explored whether QT corrected dispersion (QTcD) can identify left ventricular hypertrophy (LVH) in hypertensives.","Maybe

The provided context discusses the potential use of left ventricular assist devices (LVADs) as a bridge to transplantation, but it does not explicitly state that LVADs are an alternative to transplantation. The context mentions that ""the issue of"
151,Can Roux-en-Y gastric bypass provide a lifelong solution for diabetes mellitus?,yes,maybe,False,,"The surgical treatment of diabetes had witnessed progressive development and success since the first case of pancreatic transplantation. Although this was a great step, wide clinical application was limited by several factors. Bariatric surgery such as gastric bypass is emerging as a promising option in obese patients with type 2 diabetes. The aim of this article is to explore the current application of gastric bypass in patients with type 2 diabetes and the theoretical bases of gastric bypass as a treatment option for type 1 diabetes. | We identified 3215 studies and selected 72 relevant papers for review. Surgical treatment of diabetes is evolving from complex pancreatic and islets transplantation surgery for type 1 diabetes with critical postoperative outcome and follow-up to a metabolic surgery, including gastric bypass. Gastric bypass (no immune suppression or graft rejection) has proven to be highly effective treatment for obese patients and nonobese animals with type 2 diabetes. There are certain shared criteria between types 1 and 2 diabetes, making a selected spectrum of the disease a potential target for metabolic surgery to improve or cure diabetes. | Impaired fasting glucose (IFG) below the diagnostic threshold for diabetes mellitus (DM) is associated with macrovascular pathology and increased mortality after percutaneous coronary interventions. The study goal was to determine whether pre-operative fasting blood glucose (fB-glu) is associated with an increased mortality after coronary artery bypass grafting (CABG).","Maybe

The provided abstracts do not explicitly state that Roux-en-Y gastric bypass provides a lifelong solution for diabetes mellitus. While they discuss the effectiveness of gastric bypass surgery in treating both type 1 and type 2 diabetes, they do not"
152,Can vitamin C prevent complex regional pain syndrome in patients with wrist fractures?,yes,maybe,False,,"Complex regional pain syndrome type I is treated symptomatically. A protective effect of vitamin C (ascorbic acid) has been reported previously. A dose-response study was designed to evaluate its effect in patients with wrist fractures. | In a double-blind, prospective, multicenter trial, 416 patients with 427 wrist fractures were randomly allocated to treatment with placebo or treatment with 200, 500, or 1500 mg of vitamin C daily for fifty days. The effect of gender, age, fracture type, and cast-related complaints on the occurrence of complex regional pain syndrome was analyzed. | Three hundred and seventeen patients with 328 fractures were randomized to receive vitamin C, and ninety-nine patients with ninety-nine fractures were randomized to receive a placebo. The prevalence of complex regional pain syndrome was 2.4% (eight of 328) in the vitamin C group and 10.1% (ten of ninety-nine) in the placebo group (p=0.002); all of the affected patients were elderly women. Analysis of the different doses of vitamin C showed that the prevalence of complex regional pain syndrome was 4.2% (four of ninety-six) in the 200-mg group (relative risk, 0.41; 95% confidence interval, 0.13 to 1.27), 1.8% (two of 114) in the 500-mg group (relative risk, 0.17; 95% confidence interval, 0.04 to 0.77), and 1.7% (two of 118) in the 1500-mg group (relative risk, 0.17; 95% confidence interval, 0.04 to 0.75). Early cast-related complaints predicted the development of complex regional pain syndrome (relative risk, 5.35; 95% confidence interval, 2.13 to 13.42).","Maybe

The information provided in the abstracts suggests that vitamin C may have some protective effects against complex regional pain syndrome (CRPS) in patients with wrist fractures, but it does not definitively prove that it can prevent CRPS. 

In Abstract"
153,Can computerised tomography replace bone scintigraphy in detecting bone metastases from breast cancer?,yes,maybe,False,,"The aim of this study was to determine whether bone scans (BS) can be avoided if pelvis was included in CT thorax and abdomen to detect bony metastases from breast cancer. | The levels of bone formation and resorption can be assessed at the tissue level by bone histomorphometry on transiliac bone biopsies. Systemic biochemical markers of bone turnover reflect the overall bone formation and resorption at the level of the entire skeleton but cannot discriminate the different skeletal compartments. | In this study, we aimed to evaluate the potential use of a 3-phase bone scintigraphy method to determine the level of amputation on treatment cost, morbidity and mortality, reamputation rates, and the duration of hospitalization in diabetic foot.","Maybe

Explanation:
Based solely on the information provided in the given abstracts, it is not possible to definitively conclude that computerized tomography (CT) can replace bone scintigraphy (BS) in detecting bone metastases from breast cancer."
154,Are polymorphisms in oestrogen receptors genes associated with lipid levels in response to hormone therapy?,yes,maybe,False,,"Polymorphisms in the oestrogen receptor 1 (ESR1) and oestrogen receptor 2 (ESR2) genes are associated with intermediate or endpoint markers of cardiovascular disease and with the efficacy of postmenopausal hormone therapy (HT). Contradictory findings have been described in the past and the role of these genetics variants remains unclear. | Endometrial polyps from pre- and post-menopausal women had significant differences in their expression of hormone receptors and Ki67. However, polyps from both groups of women had similarly increased levels of Bcl-2, an inhibitor of apoptosis. | A prerequisite for a hormonal influence on anal continence in women is the presence of hormone receptors in the tissues of the anal canal. Using immunohistochemical techniques, we demonstrated and localized estrogen and progesterone receptors (ER, PR) in tissue sections of the anal canal.","Maybe

The provided context does not directly address whether polymorphisms in oestrogen receptor genes are associated with lipid levels in response to hormone therapy. The context mentions that polymorphisms in ESR1 and ESR2 genes are associated with cardiovascular"
155,"Are there associations of health status, disease activity and damage in SLE patients?",yes,yes,True,,"A total of 36 women and 2 men were included in the study (median age: 43 yrs, median disease duration: 11 yrs). Increased disease activity (total BILAG) was shown to be significantly correlated with reduced physical function. A greater damage (total SDI) correlated significantly with reduced role function due to emotional limitations. Neither age nor disease duration showed any significant correlation with health status in this study. | A cross sectional study of 38 patients fulfilling the classification criteria for SLE. The patients visited a rheumatology outpatient clinic in Switzerland between January 2002 and December 2004. The last assessment during this period was used for the study. The assessment included, besides demographic data, the measurement of disease activity using the BILAG index, the measurement of disease damage using the SLICC/ACR damage index (SDI), as well as the patient's self assessed health status using the patient's questionnaire Medical Outcome Survey Short Form 36 (SF-36). | Informal caregivers spoke to several of the determinants of health outlined in the PHP model that are implicated in their burden experience: gender, income and social status, working conditions, health and social services, social support network, and personal health practises and coping strategies. They recognized the need for improving the CCB to better address these determinants.","Yes

The context from Abstract 2 provides information about the relationships between health status, disease activity, and disease damage in Systemic Lupus Erythematosus (SLE) patients. Specifically:

1. Disease Activity: The abstract mentions that"
156,Do emergency medical services professionals think they should participate in disease prevention?,maybe,yes,False,,"The survey was completed by 27,233 EMS professionals. Of these responders, 82.7% (99% CI: 82.1-83.3) felt that EMS professionals should participate in disease prevention, with those working 20 to 29 hours per week being the least likely to think they should participate (67.4%, p<0.001). About a third, 33.8% (99% CI: 33.1-34.6), of the respondents reported having provided prevention services, with those having a graduate degree (43.5%, p<0.001), those working in EMS for more than 21 years (44%, p<0.001), those working for the military (57%, p<0.001), those working 60 to 69 hours per week (41%, p<0.001), and those responding to zero emergency calls in a typical week (43%, p<0.001) being the most likely to report having provided prevention services. About half, 51.1% (99% CI: 50.4-51.9), of the respondents agreed that prevention services should be provided during emergency calls, and 7.7% (99% CI: 7.3-8.1) of the respondents reported providing prevention services during emergency calls. No demographic differences existed. Those who had participated in prevention programs were more likely to respond that EMS professionals should participate in prevention (92% vs. 82%, p<0.001). Further, those who had provided prevention services during emergency calls were more likely to think EMS professionals should provide prevention services during emergency calls (81% vs. 51%, p<0.001). | The primary objective of the study was to determine emergency medical services (EMS) professionals' opinions regarding participation in disease and injury prevention programs. A secondary objective was to determine the proportion of EMS professionals who had participated in disease prevention programs. | In the prehospital setting, Emergency Medical Services (EMS) professionals rely on providing positive pressure ventilation with a bag-valve-mask (BVM). Multiple emergency medicine and critical care studies have shown that lung-protective ventilation protocols reduce morbidity and mortality. Our primary objective was to determine if a group of EMS professionals could provide ventilations with a smaller BVM that would be sufficient to ventilate patients. Secondary objectives included 1) if the pediatric bag provided volumes similar to lung-protective ventilation in the hospital setting and 2) compare volumes provided to the patient depending on the type of airway (mask, King tube, and intubation).","yes

The context states that ""82.7% (99% CI: 82.1-83.3) felt that EMS professionals should participate in disease prevention."" This indicates that a majority of EMS professionals believe they should"
157,Can we rely on arterial line sampling in performing activated plasma thromboplastin time after cardiac surgery?,no,maybe,False,,"The morning following cardiac surgery, simultaneous arterial line and peripheral venous blood samples were taken for activated plasma thromboplastin time (APTT) ratio and international normalized ratio (INR) in 49 randomly selected patients. Also, a thromboelastogram analysis (TEG) (n = 7) was made. A survey of 22 UK cardiothoracic intensive care units was carried out to determine the practice for the withdrawal of blood for clotting studies. | Arterial catheters are routinely used to sample blood for clotting studies in most cardiothoracic intensive care units. The clotting profile in surgical bleeding after cardiac surgery influences further management. Aspiration and discard of a certain amount of blood from the line, prior to sampling, are assumed to clear heparin contamination. We have investigated this assumption through analysis of the clotting profile by simultaneous arterial line and peripheral venous samples. | Using a cotton swab, cytobrush or wooden spatula a vaginal fluid specimen was collected from 84 consecutive women attending a vulvo-vaginitis clinic. A pH strip (pH range 4-7, Merck) was brought in contact with the vaginal fluid on the sampling device and on the glass slide after adding one droplet of saline and performing microscopy by two different people unaware of the microscopy results of the clinical exam. Values were compared by Fisher exact and Student's t-tests.","Maybe

The provided abstracts do not definitively state whether arterial line sampling is reliable for activated plasma thromboplastin time (APTT) after cardiac surgery. Abstract 1 mentions that APTT and INR were measured using both arterial and"
158,Does cup-cage reconstruction with oversized cups provide initial stability in THA for osteoporotic acetabular fractures?,yes,maybe,False,,"This study measured acetabular component stability and the initial surface contact achieved between the acetabular component and unfractured region of the pelvis after THA using an oversized acetabular component and cup-cage reconstruction. | Between November 2011 and November 2013, we treated 40 acute acetabular fractures in patients older than 70 years of age. Of these, 12 (30%) underwent immediate THA using an oversized acetabular component with screws inserted only into the ilium and a cup-cage construct. Postoperatively all patients were mobilized without weightbearing restrictions. Indications for immediate THA after acetabular fractures were displaced articular comminution deemed unreducible. Eleven of the 12 were prospectively studied to evaluate the initial stability of the reconstructions using radiostereometric analysis. One of the patients died of a pulmonary embolism after surgery, and the remaining 10 (median age, 81 years; range, 72-86 years) were studied. Of these, five were analyzed at 1 year and five were analyzed at 2 years. Acetabular component migration was defined as acceptable if less than the limits for primary THA that predict later loosening (1.76 mm of proximal migration and 2.53° of sagittal rotation). The contact surface between the acetabular component and ilium in direct continuity with the sacroiliac joint, and the ischium and pubis in direct continuity with the symphysis pubis, was measured on postoperative CT scans. | The incidence of acetabular fractures in osteoporotic patients is increasing. Immediate total hip arthroplasty (THA) has potential advantages, but achieving acetabular component stability is challenging and, at early followup, reported revision rates for loosening are high.QUESTIONS/","Maybe

The provided context does not directly address whether cup-cage reconstruction with oversized cups provides initial stability in THA for osteoporotic acetabular fractures. While Abstract 2 mentions the use of cup-cage reconstruction and oversized acetabular components"
159,Is intrapartum vibroacoustic stimulation an effective predictor of fetal acidosis?,yes,maybe,False,,"The hypothesis of this prospective study is that intrapartum vibroacoustic stimulation (VAS) is an effective predictor of fetal acidosis during labor. Various clinical conditions, such as term versus preterm gestation, first stage versus second stage of labor, and fetal heart rate (FHR) variable decelerations versus late decelerations will be tested. | Of a total of 4269 sonographic examinations performed, 437 (10.2%) were follow-up studies. Of these, 101 (23.1%) were excluded because the initial sonogram revealed a suspected fetal anomaly, and 42 (9.8%) were excluded for other reasons. Of the remaining 294 women, 21 (7.1%) had an unanticipated fetal anomaly, most often renal pyelectasis. Compared with follow-up sonography for other reasons, repeated sonography for fetal growth evaluation yielded a higher incidence of unexpected fetal anomalies: 15 (12.3%) of 122 versus 6 (3.5%) of 172 (P = .01). When compared with the neonates in the nongrowth indications group, those neonates whose mothers had sonographic examinations for fetal growth had a higher rate of neonatal interventions: 6 (40.0%) of 15 versus 0 (0%) of 6 (P = .04). | Controlled ovarian stimulation (COS) with intrauterine insemination (IUI) is a common treatment in couples with unexplained non-conception. Induction of multifollicular growth is considered to improve pregnancy outcome, but it contains an increased risk of multiple pregnancies and ovarian hyperstimulation syndrome. In this study the impact of the number of follicles (>14 mm) on the ongoing pregnancy rate (PR) and multiple PR was evaluated in the first four treatment cycles.","Maybe

The provided context discusses two different studies. The first abstract (Abstract 1) mentions a hypothesis about intrapartum vibroacoustic stimulation (VAS) being an effective predictor of fetal acidosis during labor. However, the context does"
160,Is low birth weight a risk indicator for congenital cytomegalovirus infection?,no,maybe,False,,"Congenital cytomegalovirus infection is currently the leading cause of congenital infection in 0.2-2.2% of live births worldwide leading to variable serious sequalae. The aim of the study was to determine if low birth weight is an indicator of CMV congenital infection evidenced by detecting CMV-DNA in umbilical cord blood at the time of delivery. | Compared with men born with appropriate birth weight for gestational age, men born light for gestational age suffered an increased risk of low intellectual performance after adjustment for maternal and socioeconomic factors. The increase in risk of low intellectual performance related to a decrease in birth weight for gestational age was similar between families and within families. Men born short or with a small head circumference for gestational age were also at increased risk of low intellectual performance, both when adjusting for maternal and socioeconomic factors and within families. | Laparoscopic sleeve gastrectomy (LSG) is currently being performed with increasing frequency worldwide. It offers an excellent weight loss and resolution of comorbidities in the short term with a very low incidence of complications. However, the ever present risk of a staple line leak is still a major concern.","Maybe

The provided context does not directly address whether low birth weight is a risk indicator for congenital cytomegalovirus (CMV) infection. Abstract 1 discusses the relationship between low birth weight and the presence of CMV-DNA in"
161,Is peak concentration needed in therapeutic drug monitoring of vancomycin?,no,maybe,False,,"We analyzed the pharmacokinetic-pharmacodynamic relationship of vancomycin to determine the drug exposure parameters that correlate with the efficacy and nephrotoxicity of vancomycin in patients with methicillin-resistant Staphylococcus aureus pneumonia and evaluated the need to use peak concentration in therapeutic drug monitoring (TDM). | The lack of any measurable norfentanyl in half of our cases suggests a very rapid death, consistent with acute chest rigidity. An alternate explanation could be a dose-related rapid onset of respiratory arrest. Deaths occurred with low levels of fentanyl in the therapeutic range (1-2 ng/ml) in apparent non-naïve opiate abusers. Acute chest wall rigidity is a well-recognized complication in the medical community but unknown within the drug abuse community. The average abuser of illicit opioids may be unaware of the increasing fentanyl content of their illicit opioid purchase. | Human chorionic gonadotropin (hCG) is a heterodimeric glycoprotein hormone that exists in multiple forms. Immunoassays commonly used in clinical laboratories measure intact hCG, total beta hCG (intact hCG + hCG free beta-subunit), and/or hCG free beta-subunit. Measurement of serum concentrations of hCG is useful for confirmation and monitoring of pregnancy, diagnosis of trophoblastic diseases and monitoring of the efficacy of treatment, and prenatal screening. Correctly reporting results for the various forms of hCG is clinically important.","Maybe

The provided abstracts do not explicitly state whether peak concentration is needed in therapeutic drug monitoring (TDM) for vancomycin. Abstract 1 mentions analyzing the pharmacokinetic-pharmacodynamic relationship of vancomycin to determine drug exposure parameters"
162,Delayed peripheral facial palsy in the stapes surgery: can it be prevented?,yes,maybe,False,,"Poststapedectomy facial palsy developed in 7 out of 706 procedures. All 7 patients referred a history of recurrent labial herpetic lesions. One patient showed a facial palsy H-B grade II, 2 a grade III, and 3 a grade IV. After acyclovir therapy, 6 subjects recovered completely, whereas 1 maintained an H-B grade II. An increased IgG antibody titer was found in 6 of the patients with delayed facial palsy and in 1 out of 7 controls. Mean IgG titer was 1:14,050 in the subjects with delayed facial palsy and 1:2,300 in controls (P<.001). | The aim of this study was to evaluate poststapedectomy-delayed facial palsy etiopathogenesis, risk factors, evolution, and prevention. | Seven hundred six stapedectomies performed in 580 patients were reviewed. In all patients who developed delayed facial palsy, the dates of onset and subside of facial palsy, the anatomic and pathologic predisposing factors, and a possible history for recurrent labial herpetic lesions were considered. The House-Brackmann (H-B) grading system was used to evaluate the facial function. Virus-specific immunoglobulin (Ig) G and IgM antibodies against herpes simplex virus type 1 (HSV-1) were determined by enzyme-linked immunosorbent assay (ELISA) 3 weeks after the onset of the paralysis. The results were compared with a control group without a history of recurrent herpes labialis.","Maybe

Based on the information provided in the abstracts, we cannot definitively say whether delayed peripheral facial palsy after stapedectomy can be prevented. The studies mentioned do not provide specific preventive measures or interventions that would prevent this condition. They describe"
163,Treadmill training post stroke: are there any secondary benefits?,yes,maybe,False,,To explore the secondary benefits of treadmill training for people in the chronic stage of recovery from stroke. | Twelve 20-minute sessions of walking on a treadmill or weekly phone call. | We performed post hoc analysis of a previous clinical study.,"Maybe

The context mentions that there is an exploration of ""secondary benefits"" of treadmill training for people in the chronic stage of recovery from stroke. However, it does not provide specific details about what these secondary benefits might be. Abstract 1 and Abstract"
164,Could the extent of lymphadenectomy be modified by neoadjuvant chemotherapy in cervical cancer?,no,maybe,False,,"The effect of neoadjuvant chemotherapy (NACT) on topographical distribution patterns of lymph node metastasis in cervical cancer was unknown. | From 536 patients who were involved in the study, 214 patients had both cervical discopathy and cervical cord plaques. In this group 148 (69.1% of patients) had cervical plaque at the same site of cervical discopathy. The number of patients with cervical cord plaque and discopathy at same site was significantly higher than those with plaque and discopathy at different sites (P<0.05). | The range of injury severity that can be seen within the category of type II supracondylar humerus fractures (SCHFs) raises the question whether some could be treated nonoperatively. However, the clinical difficulty in using this approach lies in determining which type II SCHFs can be managed successfully without a surgical intervention.","Maybe

The provided context does not directly address the question about modifying the extent of lymphadenectomy in cervical cancer due to neoadjuvant chemotherapy. Abstract 1 mentions that the effect of NACT on the topographical distribution patterns of lymph node metast"
165,Cutaneous melanoma in a multiethnic population: is this a different disease?,maybe,maybe,True,,Cutaneous melanoma in nonwhite persons has a manifestation and a prognosis that are different than those of cutaneous melanoma in white persons. | Tertiary care university-affiliated community medical center located in a multiethnic state in which white persons are a minority of the population. | This is a retrospective study looking at the first presentation of melanomas from 2003 to 2011. Data was accessed using the local online melanoma database.,"Maybe

Explanation: The context provides information about cutaneous melanoma in nonwhite persons having different manifestations and prognosis compared to white persons. However, it does not explicitly state whether cutaneous melanoma in a multiethnic population is a different disease overall."
166,Is it possible to stop treatment with nucleos(t)ide analogs in patients with e-antigen negative chronic hepatitis B?,maybe,yes,False,,"Treatment of HBeAg-negative chronic hepatitis B (CHB) with nucleos(t)ide analogues (NA) is usually indefinite, since the loss of HBsAg, as a criterion for its discontinuation, is a rare event. Recent evidence suggests that discontinuing NA therapy may be feasible in selected patients. | A retrospective chart review was conducted in three different liver clinics in Israel, of all new hepatitis C patients. Patients identified as possible acute hepatitis C were re-interviewed and all other sources such as blood bank records and pre-employment check-ups reviewed in order to establish the diagnosis of acute hepatitis C infection and to identify the transmission route. | Staging laparoscopy (SL) is not regularly performed for patients with hepatocellular carcinoma (HCC). It may change treatment strategy, preventing unnecessary open exploration. An additional advantage of SL is possible biopsy of the nontumorous liver to assess fibrosis/cirrhosis. This study aimed to determine whether SL for patients with HCC still is useful.","yes
The context states that ""Recent evidence suggests that discontinuing NA therapy may be feasible in selected patients."" This implies that while it's not routine practice, it can be done under certain conditions for some patients with HBeAg-negative chronic hepatitis B"
167,Transsphenoidal pituitary surgery in Cushing's disease: can we predict outcome?,yes,yes,True,,"To assess the results of transsphenoidal pituitary surgery in patients with Cushing's disease over a period of 18 years, and to determine if there are factors which will predict the outcome. | To examine whether p53 tumour suppressor gene alterations can be used to predict tumour response to pre-operative chemo-radiation in locally advanced rectal cancer in terms of reduction in tumour size and local failure. | The intent of this study was to determine if the use of a single or combination of static foot posture measurements can be used to predict rearfoot, midfoot, and forefoot plantar surface area in individuals with pronated or normal foot types.","yes

Based on the given abstract, it is clear that the study aims to assess the outcomes of transsphenoidal pituitary surgery in patients with Cushing's disease over a 18-year period. The abstract specifically mentions that one of"
168,Is dexamethasone an effective alternative to oral prednisone in the treatment of pediatric asthma exacerbations?,yes,maybe,False,,"A short course of systemic corticosteroids is an important therapy in the treatment of pediatric asthma exacerbations. Although a 5-day course of oral prednisone or prednisolone has become the most commonly used regimen, dexamethasone has also been used for a shorter duration (1-2 days) with potential for improvement in compliance and palatability. We reviewed the literature to determine if there is sufficient evidence that dexamethasone can be used as an effective alternative in the treatment of pediatric asthma exacerbations in the inpatient setting. | Six completed pediatric clinical trials met the inclusion criteria. All of the pediatric trials found that prednisone is not superior to dexamethasone in treating mild to moderate asthma exacerbations. Meta-analysis demonstrated homogeneity between the dexamethasone and prednisone groups when examining symptomatic return to baseline and unplanned physician revisits after the initial emergency department encounter. Some studies found potential additional benefits of dexamethasone, including improved compliance and less vomiting. | A Medline search was conducted on the use of dexamethasone in the treatment of asthma exacerbations in children. The studies selected were clinical trials comparing the efficacy of dexamethasone with prednisone. Meta-analysis was performed examining physician revisitation rates and symptomatic return to baseline.","Maybe

The information provided in the abstracts does not definitively state that dexamethasone is an effective alternative to oral prednisone in the treatment of pediatric asthma exacerbations. 

Abstract 1 mentions that while dexamethasone"
169,Is oncoplastic surgery a contraindication for accelerated partial breast radiation using the interstitial multicatheter brachytherapy method?,maybe,maybe,True,,"To evaluate accelerated partial breast irradiation (APBI) in patients after oncoplastic surgery for early breast cancer. | Clinically positive axillary nodes are widely considered a contraindication to sentinel lymph node (SLN) biopsy in breast cancer, yet no data support this mandate. In fact, data from the era of axillary lymph node dissection (ALND) suggest that clinical examination of the axilla is falsely positive in as many as 30% of cases. Here we report the results of SLN biopsy in a selected group of breast cancer patients with palpable axillary nodes classified as either moderately or highly suspicious for metastasis. | A retrospective analysis of 136 breasts of 134 patients, who received breast-conserving oncoplastic surgery for low-risk breast cancer between 2002 and 2010 in the Universities of Vienna and Luebeck followed by adjuvant APBI applying total doses of pulse dose rate of 50.4 Gy or high-dose rate (HDR) of 32 Gy over 4 days. Target volume definition was performed by the use of surgical-free margin data, related to intraoperatively fixed clip positions, pre- and postoperative imaging, and palpation.","Maybe

The context does not provide direct information about whether oncoplastic surgery is a contraindication for accelerated partial breast irradiation (APBI) using the interstitial multicatheter brachytherapy method. The abstracts provided discuss different"
170,Are IgM-enriched immunoglobulins an effective adjuvant in septic VLBW infants?,yes,maybe,False,,"To assess whether eligibility to an adjuvant chemotherapy protocol in itself represents a good prognostic factor after radical cystectomy for bladder cancer. | VLBW infants born in centers with SA (n = 713) had a significantly higher rate of sepsis compared with VLBW infants born in centers with RA (n = 717), which was particularly evident for late-onset sepsis (14.0% vs 20.4%; P = 0.002). Furthermore, more central venous lines (48.6% vs 31.1%, P<0.001) and antibiotics (92.4% vs 77.7%, P<0.001) were used in centers with SA. | Aromatase inhibitors (AIs) are an effective treatment for postmenopausal women with hormone receptor-positive breast cancer. However, patients receiving AIs report a higher incidence of musculoskeletal symptoms and bone fractures; the mechanism and risk factors for this correlation are not well studied. The aim of this study was to correlate these musculoskeletal symptoms and bone fractures in patients receiving AIs with bone mineral density (BMD), previous tamoxifen use, and administration of calcium/bisphosphonate (Ca/Bis).","Maybe

The provided context does not contain any information about IgM-enriched immunoglobulins or their effectiveness as an adjuvant in septic VLBW infants. The context discusses the differences in sepsis rates and antibiotic usage between"
171,Can mandibular depiction be improved by changing the thickness of double-oblique computed tomography images?,no,maybe,False,,"Multislice helical computed tomography (CT), which can provide detailed 2-D and 3-D reconstructed images, is useful in imaging diagnosis for dental implant treatment. Therefore, in this study, it was performed to clarify the mandibular depiction of double-oblique reconstructed images when changing their thickness. | A total of 38 sites in the mandibular molar region were examined using multislice helical CT. The thicknesses of the double-oblique images using multislice helical CT scans were reconstructed in 4 conditions: 0.3 mm, 0.9 mm, 1.6 mm, and 4.1 mm. In double-oblique images, mandibular depiction was evaluated by 5 oral radiologists using a subjective rating score. | This study was planned to evaluate whether increased nuchal translucency (NT) thickness in the first trimester of gestation can be related to onset of gestational diabetes mellitus (GDM) during pregnancy.","Maybe

The context mentions that the thickness of double-oblique reconstructed images was changed in four different conditions (0.3 mm, 0.9 mm, 1.6 mm, and 4.1 mm) and that the mandib"
172,Chronic progressive cervical myelopathy with HTLV-I infection: Variant form of HAM/TSP?,yes,maybe,False,,"To investigate the role of human T-lymphotrophic virus type I (HTLV-I) infection in four patients who developed slowly progressive myelopathy with abnormal MRI lesions in the cervical cord levels. | Multiple sclerosis (MS) is the most common chronic autoimmune demyelinating disease of the central nervous system. The purpose of this study is to determine the relationship between the site of the cervical discopathy and cervical spinal cord plaque in MS patients. | From 536 patients who were involved in the study, 214 patients had both cervical discopathy and cervical cord plaques. In this group 148 (69.1% of patients) had cervical plaque at the same site of cervical discopathy. The number of patients with cervical cord plaque and discopathy at same site was significantly higher than those with plaque and discopathy at different sites (P<0.05).","Maybe

The provided context does not explicitly state that chronic progressive cervical myelopathy with HTLV-I infection is a variant form of HAM/TSP (HIV-associated myelopathy/tropical spastic paraparesis). While HTLV-I"
173,Is there a first night effect on sleep bruxism?,no,maybe,False,,"Sleep bruxism (SB) is reported to vary in frequency over time. The aim of this study was to assess the first night effect on SB. | Overall, no first night effects were found for most sleep variables. However, total sleep time, sleep efficiency, and stage transitions showed significant time and group interactions (repeated measures ANOVAs, p ≤ 0.05). The RMMA episode index did not differ between the 2 nights, whereas the second night showed significantly higher burst index, bruxism time index, and mean burst duration (repeated measure ANOVAs, p ≤ 0.05). Five patients of 8 in the low frequency group were classified into the moderate-high frequency group on the second night, whereas only one patient in the moderate-high frequency group moved to the low frequency group. | The recent literature shows an increased incidence of obstructive sleep apnea (OSA) in patients with idiopathic pulmonary fibrosis (IPF). On the other hand, there are no published studies related to continuous positive airway pressure (CPAP) treatment in this patient group. Our aim was to assess the effect of CPAP on sleep and overall life quality parameters in IPF patients with OSA and to recognize and overcome possible difficulties in CPAP initiation and acceptance by these patients.","Maybe

Explanation:
Based solely on the information provided in the given abstracts, we cannot definitively determine whether there is a first night effect on sleep bruxism (SB). 

In Abstract 1, the authors state that their study aimed to"
174,Does loss of consciousness predict neuropsychological decrements after concussion?,no,maybe,False,,"To investigate the importance of loss of consciousness (LOC) in predicting neuropsychological test performance in a large sample of patients with head injury. | Retrospective comparison of neuropsychological test results for patients who suffered traumatic LOC, no LOC, or uncertain LOC. | No significant differences were found between the LOC, no LOC, or uncertain LOC groups for any of the neuropsychological measures used. Patients who had experienced traumatic LOC did not perform more poorly on neuropsychological testing than those with no LOC or uncertain LOC. All three groups demonstrated mildly decreased performance on formal tests of speed of information processing, attentional process, and memory.","Maybe

The provided abstracts do not definitively state whether loss of consciousness (LOC) predicts neuropsychological decrements after concussion. Abstract 1 suggests that LOC is important in predicting neuropsychological test performance, but it does not provide specific findings"
175,Should general practitioners call patients by their first names?,yes,maybe,False,,"Most of the patients either liked (223) or did not mind (175) being called by their first names. Only 77 disliked it, most of whom were aged over 65. Most patients (324) did not, however, want to call the doctor by his or her first name. | To assess the acceptability to patients of the use of patients' first names by doctors and doctors' first names by patients in general practice. | To be able to adhere to discharge instructions after a visit to the emergency department (ED), patients should understand both the care that they received and their discharge instructions. The objective of this study is to assess, at discharge, patients' comprehension of their ED care and instructions and their awareness of deficiencies in their comprehension.","Maybe

The provided context does not definitively state whether general practitioners should call patients by their first names. It only mentions that most patients either liked or did not mind being called by their first names, with some exceptions among older patients. Additionally, it"
176,Vaccine protection in the elderly: are Austrian seniors adequately protected by vaccinations?,no,maybe,False,,"The aim of the study was to evaluate, if elderly persons are sufficiently protected against infectious diseases by vaccination. | Surveyed Medicare beneficiaries in 5 areas; clustered unvaccinated seniors by their immunization related knowledge and attitudes. | To assess the number of ""missed opportunities"" for influenza vaccination in office-based settings by race and ethnicity and the magnitude of potential vaccine uptake and reductions in racial and ethnic disparities in influenza vaccination if these ""missed opportunities"" were eliminated.","Maybe

The provided abstracts do not specifically address vaccine protection in Austrian elderly individuals. They cover various aspects of vaccination coverage and knowledge among different populations, but they do not provide direct evidence about the vaccination status or protection levels of elderly Austrians. Therefore"
177,"Recovery Outcome Measures: Is There a Place for Culture, Attitudes, and Faith?",yes,maybe,False,,"Utilization of the Recovery Knowledge Inventory (RKI) and Recovery Attitudes Questionnaire (RAQ) in southeastern Australia raised questions about the RAQ, including links between attitudes, faith, and culture in supporting the recovery journey. These questions are particularly important when considered in the context of people with mental illness who live in secular multicultural societies. | Patient outcome after resection of colorectal liver metastases (CLM) following second-line preoperative chemotherapy (PCT) performed for insufficient response or toxicity of the first-line, is little known and has here been compared to the outcome following first-line. | Being unmarried is a well-known risk factor for poor pregnancy outcome such as preterm delivery and intrauterine growth restriction. The aim of this prospective study was to assess the prevalence and risk of bacterial vaginosis (BV) and selected bacteria isolated from the lower genital tract and to determine the socioeconomic and microbiological characteristics that might be responsible for poor pregnancy outcome observed among unmarried pregnant women.","Maybe

The provided context discusses the Recovery Knowledge Inventory (RKI) and Recovery Attitudes Questionnaire (RAQ) in the context of mental health care in southeastern Australia, specifically addressing questions about the RAQ's links between attitudes, faith, and"
178,Injury and poisoning mortality among young men--are there any common factors amenable to prevention?,yes,maybe,False,,"Deaths from injury and poisoning (suicide, accidents, undetermined deaths, and homicide) are the major cause of death among young men aged 15-39 years in England and Wales and have been increasing in recent years.AIM: To describe common characteristics among young men who die from injury and poisoning. | We employed a retrospective survey methodology to investigate factors associated with deaths by injury and poisoning among young men aged 15-39 years (n = 268) in Merseyside and Cheshire during 1995. Data were collected from Coroner's inquest notes and General Practitioner records. | Only a few household and food shopping environmental factors were significantly associated with fruit and vegetable consumption, and their prevalence was low. Participants who perceived FV to be expensive were more likely to consume them. There were significant socioeconomic inequalities in fruit and vegetable consumption (ORs of not consuming fruit and vegetables were 4.26 and 5.47 among the lowest-educated groups for fruit and vegetables, respectively); however, these were not explained by any household or food shopping environmental factors.","Maybe

The provided abstracts do not explicitly state whether there are common factors amenable to prevention among young men who die from injury and poisoning. The first abstract mentions that deaths from injury and poisoning are a major cause of death among young men aged"
179,Do we need imaging to diagnose appendicitis in children?,maybe,maybe,True,,"To evaluate the role of clinical assessment with selective use of imaging studies in the management of suspected acute appendicitis in children. | 923 children needed surgical assessment : In 75.7% of them surgical indication was excluded and 24.3% were admitted to surgical ward for observation. Appendectomy was eventually performed in 137 patients (61.9%), 82.4% of them without any preoperative imaging while 17.6% underwent selective studies, mainly abdominal ultrasonography (14.6%). Imaging was requested twice as frequently in not operated admitted children (39.3%) than in the operated ones (17.5%, P<0.001). Overall complicated appendicitis rate (peritonitis and abscess) resulted 26.4% and negative appendectomy rate 8.8%. Females older than 10 years presented histologically not-confirmed appendicitis in 22.2% of cases, while the younger ones presented more frequently complicated appendicitis (29.3%). | Adhesive capsulitis is often difficult to diagnose in its early stage and to differentiate from other common shoulder disorders.","Maybe

The provided context discusses the evaluation of clinical assessment versus the use of imaging studies in managing suspected acute appendicitis in children. It mentions that in 24.3% of children, imaging was used after clinical assessment had been done,"
180,Does parity increase insulin resistance during pregnancy?,no,maybe,False,,"To study the effect of parity on impairment of insulin sensitivity during pregnancy and on the risk of gestational diabetes (GDM). | Since insulin therapy might have an atherogenic effect, we studied the relationship between cumulative insulin dose and atherosclerosis in type 1 diabetes. We have focused on patients with type 1 diabetes instead of type 2 diabetes to minimise the effect of insulin resistance as a potential confounder. | By univariate analysis parity was related to decreased ISI(OGTT) and to increased CP/FPG in those with parity>3 and likewise GDM, diagnosed in 124 women (6.58%), was linearly related to parity (P = 0.0034) and strongly age dependent. The relationships between parity and ISI(OGTT), CP/FPG and GDM were no longer significant after adjustment for age, pregestational body mass index (BMI), and weight gain. GDM was significantly related to age and pregestational weight, while ISI(OGTT) and CP/FPG were inversely related to prepregnancy BMI or weight gain. In comparison with the index pregnancy, the subsequent pregnancy was characterized by an increase in actual and prepregnancy BMI, in 2 h area under curve (AUC) glucose and by a decrease in ISI(OGTT) (P = 0.0001). The longer the time interval between pregnancies and the higher the increment in pregestational BMI or in weight gain during the pregnancy, the greater were the ISI(OGTT) decrease and 2-h AUC glucose increase.","Maybe

The provided abstracts do not directly address whether parity increases insulin resistance during pregnancy. Abstract 1 discusses the effect of parity on insulin sensitivity and the risk of gestational diabetes (GDM), but it does not explicitly state that parity increases insulin"
181,Delayed diagnosis of anorectal malformations: are current guidelines sufficient?,no,maybe,False,,"Nineteen infants were referred with delayed diagnosis of an ARM over the 7.5 years of the study. Of 44 patients referred to our institution between December 2006 and May 2009, diagnosis of an ARM was delayed more than 24 h in 14 (32%). There was no difference in gender, birth weight, prematurity, type of malformation or presence of associated anomalies between those with timely and delayed diagnosis of their ARM. A significantly greater proportion of those with a delayed diagnosis presented with obstructive symptoms (86% vs. 27%, P<0.001), including abdominal distension (57%) and delayed passage of meconium or stool (29%). Despite undergoing neonatal examination, the diagnosis of ARM was missed in 12 patients overall. | Current guidelines recommend total thyroidectomy for nearly all children with well-differentiated thyroid cancer (WDTC). These guidelines, however, derive from older data accrued prior to current high-resolution imaging. We speculate that there is a subpopulation of children who may be adequately treated with lobectomy. | Current guidelines for the treatment of uncomplicated urinary tract infection (UTI) in women recommend empiric therapy with antibiotics for which local resistance rates do not exceed 10-20%. We hypothesized that resistance rates of Escherichia coli to fluoroquinolones may have surpassed this level in older women in the Israeli community setting.","Maybe

The provided context does not directly address whether current guidelines for diagnosing anorectal malformations (ARMs) are sufficient. The abstract discusses the delay in diagnosing ARM cases but does not provide information about the adequacy of existing diagnostic"
182,Does oral α-galactosidase relieve irritable bowel symptoms?,no,maybe,False,,Abdominal bloating is reported by a majority of irritable bowel syndrome (IBS) patients. Excess colonic fermentation may cause gaseous symptoms. Several foodstuffs contain oligosaccharides with an α-galactosidic linkage that is resistant to mammalian hydrolases. Assisted hydrolysis by exogenous α-galactosidase enzyme (AG) could offer a way of controlling IBS symptoms by reducing colonic fermentation and gas production. The aim of this study was to assess the effect of AG on symptom severity and quality of life in IBS patients with abdominal bloating or flatulence. | The goal of this retrospective study was to assess whether 99mTc-white blood cell (WBC) scintigraphy and upper gastrointestinal small bowel follow-through (UGI-SBFT) could exclude inflammation in children suspected of having inflammatory bowel disease (IBD). | To demonstrate that the radiographic scout image does not augment VCUG interpretation or contribute management-changing information but nonetheless carries a non-negligible effective dose.,"Maybe

The provided context discusses the potential use of oral α-galactosidase (AG) in relieving symptoms of irritable bowel syndrome (IBS), particularly those related to abdominal bloating and flatulence. It mentions that excess col"
183,Immune suppression by lysosomotropic amines and cyclosporine on T-cell responses to minor and major histocompatibility antigens: does synergy exist?,yes,maybe,False,,"We found that similar concentrations of chloroquine and hydroxychloroquine suppress the T-cell response to MiHC in mice (C57BL/6 anti-BALB.B) and that lysosomotropic amines in combination with cyclosporine result in synergistic suppression of a proliferative response to MiHC. Similar suppression and synergy appear to be present in an alloreactive response (C57BL/6 anti-BALB/c). Direct inhibition by chloroquine of T-cell proliferative responses induced by anti-CD3epsilon in the absence of antigen-presenting cells is present at higher concentrations than that required to suppress responses to MiHC or MHC. Chloroquine appears to induce decreased T-cell viability at high concentrations. This effect does not appear to be due to decreased T-cell production of interleukin-2 or interferon-gamma. At lower concentrations (<25 microg/ml), chloroquine can also decrease the ability of antigen-presenting cells to stimulate an a C57BL/6 anti-BALB/c T-cell response and can inhibit MHC class II expression after activation with lipopolysaccharide. | We investigated the use of cyclosporine and the lysosomotropic amines chloroquine and hydroxychloroquine in combination for additive or synergistic immunosuppression on T-cell responses in vitro to MiHC and MHC in mice. | Using murine models, we have shown that the lysosomotropic amine, chloroquine, is effective in the prevention of graft-versus-host disease (GVHD) mediated by donor T cells reactive with recipient minor histocompatibility antigens (MiHCs). Because lysosomotropic amines can suppress major histocompatibility complex (MHC) class II antigen presentation, their mechanism of action is potentially different from current immune suppressant drugs used to control GVHD such as cyclosporine.","Maybe

The provided abstracts do not explicitly state whether there is synergy between lysosomotropic amines and cyclosporine on T-cell responses to minor and major histocompatibility antigens. While they mention that these compounds can suppress"
184,Is there any interest to perform ultrasonography in boys with undescended testis?,no,maybe,False,,"To evaluate the accuracy of ultrasonographic examination in boys with an undescended testis. | Ultrasonography did not detect the retractile testes. Ultrasonography detected 67% of the palpable undescended testes. In cases of no palpable testis, the ultrasonographic examination missed the abdominal testes and sometimes other structures were falsely interpreted as a testis. | Laparoscopic colectomy has developed rapidly with the explosion of technology. In most cases, laparoscopic resection is performed for colorectal cancer. Intraoperative staging during laparoscopic procedure is limited. Laparoscopic ultrasonography (LUS) represents the only real alternative to manual palpation during laparoscopic surgery.","Maybe

The provided abstracts do not provide a clear indication of whether there is interest in performing ultrasonography specifically for boys with undescended testis. Abstract 1 does mention evaluating the accuracy of ultrasonographic examination in this context, but"
185,Alcohol consumption and acute myocardial infarction: a benefit of alcohol consumed with meals?,yes,maybe,False,,"The apparent favorable effect of alcohol on the risk of acute myocardial infarction (MI) may be related to its hypoinsulinemic effect when consumed with meals. We studied how the timing of alcohol consumption in relation to meals might affect the risk of MI in a population with relatively high regular alcohol consumption. | Rats given 5 min of alcohol-associated cues responded significantly more on the active lever (26% increase) and consumed more alcohol as verified by increased blood alcohol levels (8.9 mM versus control 7.5 mM). Ten or 15 min of cues did not change alcohol consumption and 5 min in a novel environment decreased response by 66%. After a 10-day break in training, 5 min of alcohol-associated cues still increased alcohol consumption (29% increase) and the cue effect could be dose-dependently blocked by naltrexone (143% decrease at 0.03 mg/kg). | The potential effects of binge drinking during pregnancy on child motor function have only been assessed in a few, small studies. We aimed to examine the effects of binge alcohol consumption during early pregnancy, including number of binge episodes and timing of binge drinking, on child motor function at age 5.","Maybe

The provided context discusses the relationship between alcohol consumption and the risk of acute myocardial infarction (AMI), but it does not definitively state that alcohol consumed with meals has a beneficial effect on AMI risk. Abstract 1 suggests that"
186,Medical student education in emergency medicine: do students meet the national standards for clinical encounters of selected core conditions?,no,maybe,False,,"Establishing a core curriculum for undergraduate Emergency Medicine (EM) education is crucial to development of the specialty. The Clerkship Directors in Emergency Medicine (CDEM) National Curriculum Task Force recommended that all students in a 4(th)-year EM clerkship be exposed to 10 emergent clinical conditions. | Students from three institutions participated in this ongoing, prospective observation study. Students' patient logs were collected during 4-week EM clerkships between July 2011 and June 2012. De-identified logs were reviewed and the number of patient encounters for each of the CDEM-identified emergent conditions was recorded. The percentage of students who saw each of the core complaints was calculated, as was the average number of core complaints seen by each. | Currently, a 'pedagogical gap' exists in distributed medical education in that distance educators teach medical students but typically do not have the opportunity to assess them in large-scale examinations such as the objective structured clinical examination (OSCE). We developed a remote examiner OSCE (reOSCE) that was integrated into a traditional OSCE to establish whether remote examination technology may be used to bridge this gap. The purpose of this study was to explore whether remote physician-examiners can replace on-site physician-examiners in an OSCE, and to determine the feasibility of this new examination method.","Maybe

The context does not provide direct evidence about whether medical students meet the national standards for clinical encounters of selected core conditions in emergency medicine. It mentions that the CDEM National Curriculum Task Force recommended that all students in a 4th-year EM clerk"
187,Does anastomotic leakage affect functional outcome after rectal resection for cancer?,no,maybe,False,,"Anastomotic leakage is the most threatening early complication in sphincter-preserving rectal cancer surgery. While the oncological consequences have been well examined, only few data exist about the functional outcome. | We investigated continence function in 150 patients after curative sphincter-preserving rectal cancer surgery. Functional results were compared in 22 patients with a clinically relevant anastomotic leakage, confirmed radiologically or endoscopically, and 128 patients with uneventful recovery. Evaluation of continence function was based on the Cleveland Clinic Continence Score and was examined in all patients with anastomotic leakage and in 111 patients without complications 107+/-46 weeks postoperatively. Additionally, 14 patients with anastomotic leakage and 58 patients with uneventful recovery underwent anorectal manometry 26+/-15 weeks postoperatively. | The continence score in patients after anastomotic leakage did not differ significantly from that in patients without complications. Sphincter function was similar. Maximum tolerable volume and rectal compliance were slightly but not significantly worse after leakage.","Maybe

The provided abstracts suggest that anastomotic leakage can impact functional outcomes after rectal resection for cancer, but the evidence is mixed. 

- Abstract 1 notes that while oncological outcomes are well studied, there's limited information"
188,Does route of delivery affect maternal and perinatal outcome in women with eclampsia?,no,maybe,False,,"The route of delivery in eclampsia is controversial. We hypothesized that adverse maternal and perinatal outcomes may not be improved by early cesarean delivery. | ""Rural"" or ""urban"" status was based on the location of maternal residence. Perinatal characteristics, major morbidity and case mix adjusted mortality were compared between 1879 rural and 6775 urban infants<32 weeks gestational age, born in 1992-2002 and admitted to all 10 neonatal intensive care units in NSW and ACT. | We performed a prospective follow-up study of 678 women and their children sampled from the Danish National Birth Cohort based on maternal alcohol consumption during pregnancy. At 5 years of age, the children were tested with the Movement Assessment Battery for Children. Parental education, maternal IQ, prenatal maternal smoking, the child's age at testing, sex of child, and tester were considered core confounders, while the full model also controlled for prenatal maternal average alcohol intake, maternal age and prepregnancy body mass index, parity, home environment, postnatal parental smoking, health status, participation in organized sport, and indicators for hearing and vision impairment.","Maybe

The provided abstracts do not directly address whether the route of delivery affects maternal and perinatal outcomes specifically in women with eclampsia. Abstract 1 mentions that there is controversy regarding the route of delivery in eclampsia and suggests that"
189,Could Adult European Pharmacoresistant Epilepsy Patients Be Treated With Higher Doses of Zonisamide?,yes,maybe,False,,"To examine the clinical effect (efficacy and tolerability) of high doses of zonisamide (ZNS) (>500 mg/d) in adult patients with pharmacoresistant epilepsy. | The range of injury severity that can be seen within the category of type II supracondylar humerus fractures (SCHFs) raises the question whether some could be treated nonoperatively. However, the clinical difficulty in using this approach lies in determining which type II SCHFs can be managed successfully without a surgical intervention. | Nine patients (5 female): 8 focal/1 generalized pharmacoresistant epilepsy. Mean age: 34 years. Most frequent seizure type: complex partial seizures; other seizure types: generalized tonic-clonic, tonic, myoclonia. Zonisamide in polytherapy in all (100%), administered in tritherapy in 3 (33%) of 9 patients; mean dose: 633 (600-700) mg/d; efficacy (>50% seizure reduction) was observed in 5 (55%) of 9 patients. Five of 9 patients are still taking high doses of ZNS (more than 1 year). Adverse events were observed in 3 (37%) of 8 patients. Good tolerance to high doses of other antiepileptic drugs had been observed in 6 (66%) of 9 patients. Plasma levels of ZNS were only available in 2 patients; both were in the therapeutic range (34.95, 30.91) (10-40 mg/L).","Maybe

The provided context discusses a study examining the clinical effects of high doses of zonisamide (ZNS) in adult patients with refractory epilepsy. It mentions that the mean dose used was 633 mg/day, and efficacy was observed"
190,Counter sampling combined with medical provider education: do they alter prescribing behavior?,maybe,maybe,True,,"To observe if medical providers alter their prescribing patterns of three relatively expensive categories of medications provided as samples by manufacturers (focus medications) when they receive additional education from pharmacists concerning the appropriate use of lower cost alternatives (counter samples) that are made available to dispense. | The prescribing behavior of medical providers in the active intervention and control groups were significantly different at baseline in all three categories of focus medications. This suggested that the results should focus on changes across the two years of the study within the intervention and control groups rather than across the two groups. Medical providers in the intervention group significantly decreased the use of COX-2 NSAID prescriptions relative to total NSAID prescriptions following active intervention (38.9% in year 1 versus 23.7% in year 2, P<0.05). Over the same two time periods, a nonstatistically significant decrease in COX-2 NSAID prescribing was seen at the control site (67.5% versus 62%, P>0.05). Education and counter sampling did not stop medical providers from significantly increasing the total yearly prescriptions for antihistamines and acid-relief medications that consisted of focus-nonsedating antihistamines (86.7% versus 93.1%, P<0.05) and PPIs (68.9% versus 86.2%, P<0.05). Statistically significant increases in the prescribing of focus-nonsedating antihistamines (77.9% versus 98.3%, P<0.05) and PPIs (77.5% versus 91.4%, P<0.05) were also observed in the control group. | Academic medical researchers are judged by how often their publications are cited in the literature. When serving as journal reviewers, they may be more favorably disposed to manuscripts that cite their work. We investigate whether manuscripts that contain a citation to the reviewer's work receive higher evaluations than those that do not and whether peer reviewers encourage authors to cite that reviewer's work.","Maybe

The provided abstracts suggest that counter sampling combined with medical provider education can potentially alter prescribing behavior, but the evidence is mixed and not conclusive. 

In Abstract 1, there is an indication that medical providers might change their prescribing patterns after receiving"
191,Household and food shopping environments: do they play a role in socioeconomic inequalities in fruit and vegetable consumption?,no,maybe,False,,"Fruit and vegetables are protective of a number of chronic diseases; however, their intakes have been shown to vary by socioeconomic position (SEP). Household and food shopping environmental factors are thought to contribute to these differences. To determine whether household and food shopping environmental factors are associated with fruit and vegetable (FV) intakes, and contribute to socioeconomic inequalities in FV consumption. | Only a few household and food shopping environmental factors were significantly associated with fruit and vegetable consumption, and their prevalence was low. Participants who perceived FV to be expensive were more likely to consume them. There were significant socioeconomic inequalities in fruit and vegetable consumption (ORs of not consuming fruit and vegetables were 4.26 and 5.47 among the lowest-educated groups for fruit and vegetables, respectively); however, these were not explained by any household or food shopping environmental factors. | Cross-sectional data were obtained by a postal questionnaire among 4333 adults (23-85 years) living in 168 neighbourhoods in the south-eastern Netherlands. Participants agreed/disagreed with a number of statements about the characteristics of their household and food shopping environments, including access, prices and quality. Education was used to characterise socioeconomic position (SEP). Main outcome measures were whether or not participants consumed fruit or vegetables on a daily basis. Multilevel logistic regression models examined between-area variance in FV consumption and associations between characteristics of the household and food shopping environments and FV consumption.","Maybe

The provided abstracts suggest that household and food shopping environments may play a role in socioeconomic inequalities in fruit and vegetable (FV) consumption, but the evidence is mixed and not fully conclusive:

1. Abstract 1 suggests that these factors could"
192,Is there any relationship between streptococcal infection and multiple sclerosis?,yes,maybe,False,,"Multiple sclerosis (MS) is an immune-mediated inflammatory demyelinating disease of uncertain etiology. Although the mechanisms of inducting autoimmunity by some of the infectious agents have been investigated, there is not yet enough research on streptococcal infections.MATERIAL/ | There is a positive association between chronic inflammation and the risk of cardiovascular disease, but whether there is an association between C-reactive protein (CRP) and carotid atherosclerosis is controversial. We investigated the relationship between high-sensitivity CRP (hsCRP) levels and carotid intima-media thickness (IMT) in healthy Koreans. | There have so far been few reports examining the relationship between OPLL and SCI and there is controversy regarding the deteriorating effects of OPLL-induced canal stenosis on neurologic outcomes.","Maybe

The provided context does not directly address the relationship between streptococcal infections and multiple sclerosis. It mentions that there is not enough research on this topic, indicating that the current state of knowledge is limited. Therefore, based solely on the"
193,Analysis of the epidemiological pattern of Shigellosis in Barcelona between 1988 and 2012: Is it an emerging sexually transmitted infection?,yes,maybe,False,,"Shigellosis is a notifiable disease in Spain since 1988. Cases are analyzed in Barcelona residents included in the registry between 1988-2012. A descriptive analysis by sex, age, mode of transmission and Shigella species is presented. Trend analysis and time series were performed. | Epidemiological studies have suggested inverse relationships between blood pressure and prevalence of conditions such as migraine and headache. It is not yet clear whether similar relationships can be established for back pain in particular in prospective studies. | AIDS case reports, HIV testing of blood donors, antenatal clinic attenders (ANC), food service workers, sexually transmitted disease (STD) clinic attenders, female prostitutes, homosexuals and other groups were used to monitor the HIV/AIDS epidemic. Primary and secondary syphilis and cases of congenital syphilis were also monitored. National knowledge, attitude and practice (KAP) surveys were conducted in 1988, 1989, 1992, 1994 and 1996.","Maybe

The provided context does not explicitly state that Shigellosis is an emerging sexually transmitted infection in Barcelona. The abstract mentions that Shigellosis is a notifiable disease in Spain since 1988 and analyzes cases in Barcelona residents"
194,Can bisphosphonate treatment be stopped in a growing child with skeletal fragility?,maybe,maybe,True,,"Cyclical pamidronate therapy in a 2-year-old child with skeletal fragility resulted in remodelling of vertebral fractures and improvement in bone mineral density (BMD) at distal radial and spinal sites. The BMD at both sites decreased precipitously within 24 months of stopping treatment, raising the question as to whether bisphosphonates can be stopped in a growing child with skeletal fragility. | The levels of bone formation and resorption can be assessed at the tissue level by bone histomorphometry on transiliac bone biopsies. Systemic biochemical markers of bone turnover reflect the overall bone formation and resorption at the level of the entire skeleton but cannot discriminate the different skeletal compartments. | The range of injury severity that can be seen within the category of type II supracondylar humerus fractures (SCHFs) raises the question whether some could be treated nonoperatively. However, the clinical difficulty in using this approach lies in determining which type II SCHFs can be managed successfully without a surgical intervention.","Maybe

The context provides information about cyclical pamidronate therapy in a 2-year-old child with skeletal fragility, where remodelling of vertebral fractures and improvement in bone mineral density (BMD) were observed. However, it"
195,Are Biochemical Markers of Bone Turnover Representative of Bone Histomorphometry in 370 Postmenopausal Women?,maybe,maybe,True,,"The levels of bone formation and resorption can be assessed at the tissue level by bone histomorphometry on transiliac bone biopsies. Systemic biochemical markers of bone turnover reflect the overall bone formation and resorption at the level of the entire skeleton but cannot discriminate the different skeletal compartments. | Aromatase inhibitors (AIs) are an effective treatment for postmenopausal women with hormone receptor-positive breast cancer. However, patients receiving AIs report a higher incidence of musculoskeletal symptoms and bone fractures; the mechanism and risk factors for this correlation are not well studied. The aim of this study was to correlate these musculoskeletal symptoms and bone fractures in patients receiving AIs with bone mineral density (BMD), previous tamoxifen use, and administration of calcium/bisphosphonate (Ca/Bis). | The static and dynamic parameters of formation and bone resorption were measured by histomorphometry. Serum biochemical markers of formation (bone alkaline phosphatase [ALP]; procollagen type I N-terminal propeptide [PINP]) and resorption (C-terminal crosslinking telopeptide of collagen type 1 [sCTX]) were assessed.","Maybe

The provided context does not directly address whether biochemical markers of bone turnover are representative of bone histomorphometry in 370 postmenopausal women. The first abstract discusses the use of bone histomorphometry versus biochemical markers of"
196,Secondhand smoke risk in infants discharged from an NICU: potential for significant health disparities?,yes,maybe,False,,"Secondhand smoke exposure (SHSe) threatens fragile infants discharged from a neonatal intensive care unit (NICU). Smoking practices were examined in families with a high respiratory risk infant (born at very low birth weight; ventilated>12 hr) in a Houston, Texas, NICU. Socioeconomic status, race, and mental health status were hypothesized to be related to SHSe and household smoking bans. | Medical records of 121 people who received inpatient rehabilitation were retrospectively screened; records of 50 people discharged home and at high falls risk (fall in last 12 months, fall preceding/during admission) were audited. Data extracted included falls risk identification during rehabilitation and in discharge documentation; falls risk factors assessed; and fall prevention strategies implemented. | A prospective cohort study included preterm infants with birth weight (BW)<or = 1,500 grams and gestational age (GA)<or = 32 weeks, divided into two groups: AGA or SGA. Prevalences and risk factors for ROP were determined in both groups. Logistic regression was used for the significant variables after univariate analysis.","Maybe

The provided abstracts do not directly address secondhand smoke risk in infants discharged from an NICU. The first abstract mentions secondhand smoke exposure but focuses on examining smoking practices in families with high respiratory risk infants in a specific NICU setting in"
197,Has the 80-hour workweek improved surgical resident education in New England?,no,maybe,False,,"To evaluate the effect of the 80-hour workweek restrictions on resident education within surgical programs in the New England area. | In all, 85% (17/20) of surgical programs in New England responded to the survey. The programs began to implement the 80-hour workweek from 2002 to 2004. An equal distribution of community (n = 8) and university programs (n = 9) was sampled. Prior to the initiation of the 80-hour workweek, residency programs emphasized weekly didactic sessions given by attending physicians (88%), mock orals (88%), and conventional journal club (76%). After the 80-hour workweek was implemented, the education curriculum most often consisted of didactic sessions by attending (100%), mock orals (88%), and simulation laboratories (75%). No difference was observed in ABSITE scores and first-time pass rates of the ABS examination before or after the introduction of the 80-hour workweek (20% response). Only 25% of programs felt that surgical education was improved after the implementation of the 80-hour workweek, whereas 31% felt education was worse. Overall, 44% of respondents believed that there was no difference in surgical education. | All Accreditation Council for Graduate Medical Education (ACGME) accredited surgical residency programs in New England (n = 20).","Maybe

The provided context does not definitively state whether the 80-hour workweek has improved surgical resident education in New England. While it mentions that some programs reported feeling that education was improved, others felt it was worse or unchanged. Additionally,"
198,Should lower limb fractures be treated surgically in patients with chronic spinal injuries?,yes,maybe,False,,"To report the outcomes of surgical treatment of lower limb fractures in patients with chronic spinal cord injuries. | A total of 37 lower limb fractures were treated from 2003 to 2010, of which 25 fractures were treated surgically and 12 orthopaedically. | There is no currently consensus regarding the management of lower limb fractures in patients with chronic spinal cord injuries, but the trend has been conservative treatment due to the high rate of complications in surgical treatment.","Maybe

Based on the provided context, there is not enough information to definitively say whether surgical treatment should be used for lower limb fractures in patients with chronic spinal cord injuries. Abstract 1 discusses the outcomes of surgical treatment, while Abstract 2 provides"
199,Is tumour expression of VEGF associated with venous invasion and survival in pT3 renal cell carcinoma?,maybe,maybe,True,,"To determine whether there is a relationship between VEGF expression and renal vein and vena cava invasion in stage pT3 renal cell carcinoma and to evaluate the impact of VEGF expression on survival in pT3 renal cell carcinoma. | Only tumour size appeared to be significantly different between the 3 groups. On univariate analysis, invasion of the perirenal fat, lymph node involvement, distant metastases and VEGF expression were significantly associated with survival (p<0.01). On multivariate analysis, lymph node involvement, distant metastases and VEGF expression (OR 6.07) were identified as independent predictive factors of survival. | 78 patients with a pT3a or pT3b tumour without vena cava invasion or pT3b tumour with vena cava invasion were compared for age, gender, Fuhrman grade and immunohistochemical expression of VEGF. All these variables were submitted to univariate and multivariate analysis to establish their impact on survival.","Maybe

The provided abstracts do not directly address whether VEGF expression is specifically associated with venous invasion and survival in pT3 renal cell carcinoma. Abstract 1 focuses on the relationship between VEGF expression and renal vein and vena"
